Workbook

Sheet Horário - Graduação
C1: =UPPER(E:E) | I1: BACHARELADO EM ENGENHARIA FLORESTAL | O1: BACHARELADO EM SISTEMAS DE INFORMAÇÃO | T1: BACHARELADO EM MEDICINA VETERINÁRIA | Z1: LICENCIATURA EM CIÊNCIAS BIOLÓGICAS | AE1: LICENCIATURA EM FÍSICA | AJ1: LICENCIATURA EM MATEMÁTICA | AO1: LICENCIATURA EM QUÍMICA | AT1: LICENCIATURA EM PEDAGOGIA
A2: DIA | B2: HORÁRIO | C2: 2º PERÍODO Eng. Alimento | D2: 4º PERÍODO Eng. Alimentos | E2: 6º PERÍODO Eng. Alimentos | F2: 8º PERÍODO Eng. Alimentos | G2: 10º PERÍODO Eng. Alimentos | I2: 2º PERÍODO Eng. Florestal | J2: 4º PERÍODO Eng. Florestal | K2: 6º PERÍODO Eng. Florestal | L2: 8º PERÍODO Eng. Florestal | M2: 10º PERÍODO Eng. Florestal | O2: 2º PERÍODO Sist. de Informação | P2: 4º PERÍODO Sist. de Informação | Q2: 6º PERÍODO Sist. de Informação | R2: 8º PERÍODO Sist. de Informação | T2: 2º PERÍODO Med. Veterinária | U2: 4º PERÍODO Med. Veterinária | V2: 6º PERÍODO Med. Veterinária | W2: 8º PERÍODO Med. Veterinária | X2: 10º PERÍODO Med. Veterinária | Z2: 2º PERÍODO Lic. Biológicas | AA2: 4º PERÍODO Lic. Biológicas | AB2: 6º PERÍODO Lic. Biológicas | AC2: 8º PERÍODO Lic. Biológicas | AE2: 2º PERÍODO Lic. Física | AF2: 4º PERÍODO Lic. Física | AG2: 6º PERÍODO Lic. Física | AH2: 8º PERÍODO Lic. Física | AJ2: 2º PERÍODO Lic. Matemática | AK2: 4º PERÍODO Lic. Matemática | AL2: 6º PERÍODO Lic. Matemática | AM2: 8º PERÍODO Lic. Matemática | AO2: 2º PERÍODO Lic. Química | AP2: 4º PERÍODO Lic. Química | AQ2: 6º PERÍODO Lic. Química | AR2: 8º PERÍODO Lic. Química | AT2: 2º PERÍODO Lic. Pedagogia | AU2: 4º PERÍODO Lic. Pedagogia | AV2: 6º PERÍODO Lic. Pedagogia | AW2: 8º PERÍODO Lic. Pedagogia
A3: SEGUNDA | B3: 07:20 - 08:10 | F3: Operações Unitárias III (Isis) (Lab. Fenôm. de Transportes) | I3: Anatomia e Morfologia Vegetal (Jerffson Lucas) (3/7) | K3: Patologia Florestal (Giovanni) (3/8) | L3: Política e Legislação Florestal (Jane Bruna) (3/9) | M3: Gestão Ambiental (optativa) (Élcio José) (3/10) | U3: Parasitologia Veterinária (Fernanda) (HV 2) | V3: UCE 2 (Eduardo Garrido/ Thaís/ Antônio )(HV 3) | W3: Clínica Médica Grandes Animais II (Lídia) (HV 4)
B4: 08:10 - 09:00 | F4: Operações Unitárias III (Isis) (Lab. Fenôm. de Transportes) | I4: Anatomia e Morfologia Vegetal (Jerffson Lucas) (3/7) | K4: Patologia Florestal (Giovanni) (3/8) | L4: Política e Legislação Florestal (Jane Bruna) (3/9) | M4: Gestão Ambiental (optativa) (Élcio José) (3/10) | U4: Parasitologia Veterinária (Fernanda) (HV 2) | V4: UCE 2 (Eduardo Garrido/ Thaís/ Antônio )(HV 3) | W4: Clínica Médica Grandes Animais II (Lídia) (HV 4)
B5: INTERVALO
B6: 09:20 - 10:10 | D6: CÁLCULO III (Viviane) (2/6) | F6: Operações Unitárias III (Isis) (Lab. Fenôm. de Transportes) | I6: Métodos e Técnicas de Estudo e Pesquisa (Jane Bruna) (3/7) | J6: Gênese e Morfologia do Solo (Élcio José) (3/8) | K6: Estrutura Anatômica e Composição da Madeira (Wagner) (Lab. de Madeira) | L6: Melhoramento Florestal (Giovanni) (3/9) | U6: Parasitologia Veterinária (Fernanda) (HV 2) | V6: UCE 2 (Eduardo Garrido/ Thaís/ Antônio )(HV 3) | W6: Clínica Médica Grandes Animais II (Lídia) (HV 4)
B7: 10:10 - 11:00 | D7: CÁLCULO III (Viviane) (2/6) | F7: Operações Unitárias III (Isis) (Lab. Fenôm. de Transportes) | I7: Métodos e Técnicas de Estudo e Pesquisa (Jane Bruna) (3/7) | J7: Gênese e Morfologia do Solo (Élcio José) (3/8) | K7: Estrutura Anatômica e Composição da Madeira (Wagner) (Lab. de Madeira) | L7: Melhoramento Florestal (Giovanni) (3/9) | U7: Parasitologia Veterinária (Fernanda) (HV 2) | V7: UCE 2 (Eduardo Garrido/ Thaís/ Antônio )(HV 3) | W7: Clínica Médica Grandes Animais II (Lídia) (HV 4)
B8: 11:00 - 11:50
B9: ALMOÇO
B10: 13:20 - 14:10 | C10: QUÍMICA ORGÂNICA (Elza) (1/13) | E10: UCE I (Edilson) (1/11) | F10: Planejamento e Projeto (Isis) (Sl. Fenômenos) | I10: QUÍMICA ORGÂNICA (Elza) (1/13) | J10: Entomologia Básica (Tatianne) (3/8) | K10: Hidráulica e Irrigação Aplicada (Marcelo Rossi) (3/7) | L10: Melhoramento Florestal (Giovanni) (3/9) | O10: CÁLCULO DIFERENCIAL E INTEGRAL I (Frederico) (3/10) | P10: Programação Orientada a Objetos I (Leonardo Humberto) (Lab. 1 - Info) | T10: Anatomia Vet. II (Walter)(HV 1) | U10: Nutrição Animal (Antônio) ( HV 2) | V10: UCE 2 (Eduardo Garrido/ Thaís/ Antônio/ Lídia )(HV 3) | W10: Saúde Pública e Saneamento (Vanessa Paulino) (HV 4)
B11: 14:10 - 15:00 | C11: QUÍMICA ORGÂNICA (Elza) (1/13) | E11: UCE I (Edilson) (1/11) | F11: Planejamento e Projeto (Isis) (Sl. Fenômenos) | I11: QUÍMICA ORGÂNICA (Elza) (1/13) | J11: Entomologia Básica (Tatianne) (3/8) | K11: Hidráulica e Irrigação Aplicada (Marcelo Rossi) (3/7) | L11: Melhoramento Florestal (Giovanni) (3/9) | O11: CÁLCULO DIFERENCIAL E INTEGRAL I (Frederico) (3/10) | P11: Programação Orientada a Objetos I (Leonardo Humberto) (Lab. 1 - Info) | T11: Anatomia Vet. II (Walter)(HV 1) | U11: Nutrição Animal (Antônio) ( HV 2) | V11: UCE 2 (Eduardo Garrido/ Thaís/ Antônio/ Lídia )(HV 3) | W11: Saúde Pública e Saneamento (Vanessa Paulino) (HV 4)
B12: INTERVALO
B13: 15:20 - 16:10 | F13: Planejamento e Projeto (Isis) (Sl. Fenômenos) | I13: Introdução à Geologia (Élcio José) (3/7) | J13: Entomologia Básica (Tatianne) (3/8) | K13: Viveiros Florestais (Giovanni) (3/9) | L13: Produtos Florestais (Wagner) (3/10) | O13: Arquitetura de Computadores (Zélia) (Lab. 2 - Info) | P13: Banco de Dados (Patrícia Lucas) (Lab. 4 - Info) | T13: Anatomia Vet. II (Walter)(HV 1) | U13: Nutrição Animal (Antônio) ( HV 2) | V13: Suinocultura (Fernando Matos) (Zoo II)
B14: 16:10 - 17:00 | F14: Planejamento e Projeto (Isis) (Sl. Fenômenos) | I14: Introdução à Geologia (Élcio José) (3/7) | K14: Viveiros Florestais (Giovanni) (3/9) | L14: Produtos Florestais (Wagner) (3/10) | O14: Arquitetura de Computadores (Zélia) (Lab. 2 - Info) | P14: Banco de Dados (Patrícia Lucas) (Lab. 4 - Info) | T14: Anatomia Vet. II (Walter)(HV 1) | U14: Nutrição Animal (Antônio) ( HV 2) | V14: Suinocultura (Fernando Matos) (Zoo II)
B15: 17:00 - 17:50 | D15: ESTATÍSTICA BÁSICA (EAD) (Arilson) (1/10) | P15: Introdução à economia (Mário) (3/9) | R15: Sistemas Distribuídos (Zélia) (Lab. 4 - Info) | AB15: ESTATÍSTICA BÁSICA (EAD) (Agnaldo) | AT15: História da Educação I (Bergston) (2/1) | AW15: UCE VII: Tecendo a FormAÇÃO: ação-reflexãoação (Laio) (2/4)
B16: INTERVALO
B17: 18:10 - 19:00 | D17: ESTATÍSTICA BÁSICA (EAD) (Arilson) (1/10) | P17: Introdução à economia (Mário) (3/9) | R17: Sistemas Distribuídos (Zélia) (Lab. 4 - Info) | AB17: ESTATÍSTICA BÁSICA (EAD) (Agnaldo) | AC17: Estágio Curricular Supervisionado lV (Rosi) (1/8) | AG17: MECÂNICA CLÁSSICA (Luciano) (1/11) | AM17: Estágio Supervisionado IV (Lucas Diego) | AQ17: Estágio Supervisionado IV (Willian Andrade) (Lab. Química II) | AT17: História da Educação I (Bergston)(2/1) | AW17: UCE VII: Tecendo a FormAÇÃO: ação-reflexãoação (Laio) (2/4)
B18: 19:00 - 19:50 | P18: UCE II - Ferramentas Computacionais na Educação (Geycy) (Lab. 1 - Info) | R18: Optativa III - Métodos Ágeis (Zélia) (Lab. 4 - Info) | AA18: Bioquímica (Cristiane) (1/6) | AB18: Investigação Científica (Vanessa Santana) (1/7) | AC18: Tópicos Especiais em Biologia lll (Rosi) (1/8) | AF18: FÍSICA GERAL II (Rafael) (1/10) | AG18: MECÂNICA CLÁSSICA (Luciano) (1/11) | AK18: Tendências em Educação Matemática (Lucas Diego) (LEM) | AM18: Funções de uma variável complexa (Viviane) (1/16) | AQ18: Bioquímica (Cristiane) (1/6) | AR18: Físico-Química III (Magnovaldo) (1/9) | AT18: Relações Étnico-Raciais na Educação Infantil e SIEF (Márlio) (2/1) | AU18: Fundamentos e Metodologia da Matemática na Educação Infantil (Lilian) (2/2) | AV18: Educação do Campo (Patrícia Lima) (2/3) | AW18: Optativa II: Neurociência e Educação (Giuliana) (2/4)
B19: 19:50 - 20:40 | P19: UCE II - Ferramentas Computacionais na Educação (Geycy) (Lab. 1 - Info) | R19: Optativa III - Métodos Ágeis (Zélia) (Lab. 4 - Info) | Z19: Fundamentos filosóficos da Educação (Emille) (1/5) | AA19: Bioquímica (Cristiane) (1/6) | AB19: Investigação Científica (Vanessa Santana) (1/7) | AC19: Prática Pedagógica Xll: Processo de Ensino-Aprendizagem em Ciências e Biologia (Rosi) (1/8) | AF19: FÍSICA GERAL II (Rafael) (1/10) | AG19: MECÂNICA CLÁSSICA (Luciano) (1/11) | AK19: Tendências em Educação Matemática (Lucas Diego) (LEM) | AM19: Funções de uma variável complexa (Viviane) (1/16) | AQ19: Bioquímica (Cristiane) (1/6) | AR19: Físico-Química III (Magnovaldo) (1/9) | AT19: Relações Étnico-Raciais na Educação Infantil e SIEF (Márlio) (2/1) | AU19: Fundamentos e Metodologia da Matemática na Educação Infantil (Lilian) (2/2) | AV19: Educação do Campo (Patrícia Lima) (2/3) | AW19: Optativa II: Neurociência e Educação (Giuliana) (2/4)
B20: INTERVALO
B21: 21:00 - 21:50 | R21: Optativa IV - Tópicos Especiais em Computação I (Geycy) (Lab. 3 - Info) | Z21: Fundamentos filosóficos da Educação (Emille) (1/5) | AA21: Diversidade dos Vegetais (Michellia) (1/6) | AB21: Ecologia de Populações (Tatianne) (1/7) | AC21: Prática Pedagógica Xll: Processo de Ensino-Aprendizagem em Ciências e Biologia (Rosi) (1/8) | AG21: FÍSICA GERAL III (Rodrigo Freitas) (Lab. Física - Rec. Didáticos) | AH21: EVOLUÇÃO DAS IDEIAS DA FÍSICA (Luciano) (1/12) | AK21: Física Geral I (Diego Carvalho / Poliana) (1/14) | AL21: UCE 04 - Projeto Formação de Professores de Matemática (Lucas Diego) (LEM) | AM21: Estatística Básica (Arilson e Agnaldo) (1/16) | AQ21: Físico-Química I (Magnovaldo) (1/12) | AT21: Matemática Básica (Fabiano) (2/1) | AU21: Fundamentos e Metodologia da Matemática na Educação Infantil (Lilian) (2/2) | AV21: Estágio V - Estágio Curricular Supervisionado V: Docência nas SIEF (Giuliana) (2/3) | AW21: UCE VII: Tecendo a FormAÇÃO: ação-reflexãoação (Laio) (2/4)
B22: 21:50 - 22:40 | R22: Optativa IV - Tópicos Especiais em Computação I (Geycy) (Lab. 3 - Info) | AA22: Diversidade dos Vegetais (Michellia) (1/6) | AB22: Ecologia de Populações (Tatianne) (1/7) | AG22: FÍSICA GERAL III (Rodrigo Freitas) (Lab. Física - Rec. Didáticos) | AH22: EVOLUÇÃO DAS IDEIAS DA FÍSICA (Luciano) (1/12) | AK22: Física Geral I (Diego Carvalho / Poliana) (1/14) | AL22: UCE 04 - Projeto Formação de Professores de Matemática (Lucas Diego) (LEM) | AM22: Estatística Básica (Arilson e Agnaldo) (1/16) | AQ22: Físico-Química I (Magnovaldo) (1/12) | AT22: Matemática Básica (Fabiano) (2/1) | AU22: Fundamentos e Metodologia da Matemática na Educação Infantil (Lilian) (2/2) | AV22: Estágio V - Estágio Curricular Supervisionado V: Docência nas SIEF (Giuliana) (2/3) | AW22: UCE VII: Tecendo a FormAÇÃO: ação-reflexãoação (Laio) (2/4)
A23: DIA | B23: HORÁRIO | C23: 2º PERÍODO Eng. Alimento | D23: 4º PERÍODO Eng. Alimentos | E23: 6º PERÍODO Eng. Alimentos | F23: 8º PERÍODO Eng. Alimentos | G23: 10º PERÍODO Eng. Alimentos | I23: 2º PERÍODO Eng. Florestal | J23: 4º PERÍODO Eng. Florestal | K23: 6º PERÍODO Eng. Florestal | L23: 8º PERÍODO Eng. Florestal | M23: 10º PERÍODO Eng. Florestal | O23: 2º PERÍODO Sist. de Informação | P23: 4º PERÍODO Sist. de Informação | Q23: 6º PERÍODO Sist. de Informação | R23: 8º PERÍODO Sist. de Informação | T23: 2º PERÍODO Med. Veterinária | U23: 4º PERÍODO Med. Veterinária | V23: 6º PERÍODO Med. Veterinária | W23: 8º PERÍODO Med. Veterinária | X23: 10º PERÍODO Med. Veterinária | Z23: 2º PERÍODO Lic. Biológicas | AA23: 4º PERÍODO Lic. Biológicas | AB23: 6º PERÍODO Lic. Biológicas | AC23: 8º PERÍODO Lic. Biológicas | AE23: 2º PERÍODO Lic. Física | AF23: 4º PERÍODO Lic. Física | AG23: 6º PERÍODO Lic. Física | AH23: 8º PERÍODO Lic. Física | AJ23: 2º PERÍODO Lic. Matemática | AK23: 4º PERÍODO Lic. Matemática | AL23: 6º PERÍODO Lic. Matemática | AM23: 8º PERÍODO Lic. Matemática | AO23: 2º PERÍODO Lic. Química | AP23: 4º PERÍODO Lic. Química | AQ23: 6º PERÍODO Lic. Química | AR23: 8º PERÍODO Lic. Química | AT23: 2º PERÍODO Lic. Pedagogia | AU23: 4º PERÍODO Lic. Pedagogia | AV23: 6º PERÍODO Lic. Pedagogia | AW23: 8º PERÍODO Lic. Pedagogia
A24: TERÇA | B24: 07:20 - 08:10 | E24: HIGIENE NA INDÚSTRIA DE ALIMENTOS (Bruna Porto) (1/10) | I24: Introdução à Geologia (Élcio José) (3/7) | J24: Fotogrametria e Fotointerpretação (Rodrigo Nogueira) (Sala de Topografia) | K24: Inventário Florestal (Vinícius) (3/8) | L24: Produção e Gestão do Conhecimento (Jerffson Lucas) (3/9) | T24: Fisiologia Animal I (Valéria) (HV 1) | V24: Patologia Clínica Veterinária (Eduardo Garrido) (HV 3) | W24: Clinica Médica de Pequenos Animais II (Thaís) (HV 4)
B25: 08:10 - 09:00 | E25: HIGIENE NA INDÚSTRIA DE ALIMENTOS (Bruna Porto) (1/10) | I25: Introdução à Geologia (Élcio José) (3/7) | J25: Fotogrametria e Fotointerpretação (Rodrigo Nogueira) (Sala de Topografia) | K25: Inventário Florestal (Vinícius) (3/8) | L25: Produção e Gestão do Conhecimento (Jerffson Lucas) (3/9) | T25: Fisiologia Animal I (Valéria) (HV 1) | V25: Patologia Clínica Veterinária (Eduardo Garrido) (HV 3) | W25: Clinica Médica de Pequenos Animais II (Thaís) (HV 4)
B26: INTERVALO
B27: 09:20 - 10:10 | D27: MICROBIOLOGIA (Vanessa Santana) (1/11) | E27: HIGIENE NA INDÚSTRIA DE ALIMENTOS (Bruna Porto) (1/10) | I27: Anatomia e Morfologia Vegetal (Jerffson Lucas) (3/7) | K27: Patologia Florestal (Giovanni) (3/9) | L27: Colheita e Transporte Florestal (Alessandro) (3/10) | M27: Painéis de Madeira, Adesivos e Adesão - Optativa (Wagner) (3/11) | T27: Fisiologia Animal I (Valéria) (HV 1) | U27: Nutrição Animal (Antônio) ( HV 2) | V27: Diagnóstico por Imagem ( Leonardo Coelho) (HV 3) | W27: Clinica Médica de Pequenos Animais II (Thaís) (HV 4)
B28: 10:10 - 11:00 | D28: MICROBIOLOGIA (Vanessa Santana) (1/11) | E28: SECAGEM DE GRÃOS (Jean) (1/12) | I28: Anatomia e Morfologia Vegetal (Jerffson Lucas) (3/7) | K28: Patologia Florestal (Giovanni) (3/9) | L28: Colheita e Transporte Florestal (Alessandro) (3/10) | M28: Painéis de Madeira, Adesivos e Adesão - Optativa (Wagner) (3/11) | T28: Fisiologia Animal I (Valéria) (HV 1) | U28: Nutrição Animal (Antônio) ( HV 2) | V28: Diagnóstico por Imagem ( Leonardo Coelho) (HV 3) | W28: Clinica Médica de Pequenos Animais II (Thaís) (HV 4)
B29: 11:00 - 11:50 | E29: SECAGEM DE GRÃOS (Jean) (1/12) | K29: Sistemas de Informações Geográficas (Rodrigo Nogueira) (Sala de Topografia)
B30: ALMOÇO
B31: 13:20 - 14:10 | C31: MATÉRIAS PRIMAS ALIMENTÍCIAS (Bruna Porto) (1/13) | D31: Física II (Diego Carvalho) (1/7) | E31: TECNOLOGIA DE CARNES (Felipe Cimino) (2/6) | F31: UCE III (Andreia) (1/17) | I31: Sociologia e Extensão RuralSociologia e Extensão Rural (Patrícia Lima) (3/7) | J31: Gênese e Morfologia do Solo (Élcio José) (3/8) | K31: Sistemas de Informações Geográficas (Rodrigo Nogueira) (Sala de Topografia) | L31: Política e Legislação Florestal (Jane Bruna) (3/9) | O31: CÁLCULO DIFERENCIAL E INTEGRAL I (Frederico) (3/10) | P31: Programação Orientada a Objetos I (Leonardo Humberto) (Lab. 2 - Info) | Q31: UCE IV - Projeto de Sistemas de Informação (Danielle Miranda) (Lab. 4 - Info) | T31: Histologia (Fernanda) (HV 1) | U31: Patologia Geral (Eduardo Garrido) (HV 2) | V31: Doenças Parasitárias (Vanessa Paulino) (HV 3) | W31: Cirurgia e Obstetrícia (Walter) (HV 4)
B32: 14:10 - 15:00 | C32: MATÉRIAS PRIMAS ALIMENTÍCIAS (Bruna Porto) (1/13) | D32: Física II (Diego Carvalho) (1/7) | E32: TECNOLOGIA DE CARNES (Felipe Cimino) (2/6) | F32: UCE III (Andreia) (1/17) | I32: Sociologia e Extensão RuralSociologia e Extensão Rural (Patrícia Lima) (3/7) | J32: Gênese e Morfologia do Solo (Élcio José) (3/8) | K32: Sistemas de Informações Geográficas (Rodrigo Nogueira) (Sala de Topografia) | L32: Política e Legislação Florestal (Jane Bruna) (3/9) | O32: CÁLCULO DIFERENCIAL E INTEGRAL I (Frederico) (3/10) | P32: Programação Orientada a Objetos I (Leonardo Humberto) (Lab. 2 - Info) | Q32: UCE IV - Projeto de Sistemas de Informação (Danielle Miranda) (Lab. 4 - Info) | T32: Histologia (Fernanda) (HV 1) | U32: Patologia Geral (Eduardo Garrido) (HV 2) | V32: Doenças Parasitárias (Vanessa Paulino) (HV 3) | W32: Cirurgia e Obstetrícia (Walter) (HV 4)
B33: INTERVALO
B34: 15:20 - 16:10 | C34: QUÍMICA ORGÂNICA (Elza) (1/13) | E34: TECNOLOGIA DE CARNES (Felipe Cimino) (2/6) | F34: UCE III (Andreia) (1/17) | I34: QUÍMICA ORGÂNICA (Elza) (1/13) | K34: UCE II (Jerffson Lucas) (Sala de Topografia) | L34: Construções de Madeira (Alessandro) (3/11) | M34: Gestão Ambiental (optativa) (Élcio José) (3/8) | O34: CÁLCULO DIFERENCIAL E INTEGRAL I (Frederico) (3/10) | P34: Engenharia de Software II (Danielle Miranda) (Lab. 2 - Info) | T34: Histologia (Fernanda) (HV 1) | U34: Patologia Geral (Eduardo Garrido) (HV 2) | V34: Doenças Parasitárias (Vanessa Paulino) (HV 3) | W34: Cirurgia e Obstetrícia (Walter) (HV 4)
B35: 16:10 - 17:00 | C35: QUÍMICA ORGÂNICA (Elza) (1/13) | E35: TECNOLOGIA DE CARNES (Felipe Cimino) (2/6) | I35: QUÍMICA ORGÂNICA (Elza) (1/13) | K35: UCE II (Jerffson Lucas) (Sala de Topografia) | L35: Construções de Madeira (Alessandro) (3/11) | M35: Gestão Ambiental (optativa) (Élcio José) (3/8) | O35: CÁLCULO DIFERENCIAL E INTEGRAL I (Frederico) (3/10) | P35: Engenharia de Software II (Danielle Miranda) (Lab. 2 - Info) | T35: Histologia (Fernanda) (HV 1) | U35: Patologia Geral (Eduardo Garrido) (HV 2) | V35: Doenças Parasitárias (Vanessa Paulino) (HV 3) | W35: Cirurgia e Obstetrícia (Walter) (HV 4)
B36: 17:00 - 17:50 | D36: ESTATÍSTICA BÁSICA (EAD) (Agnaldo) | K36: UCE II (Jane Bruna) (Sala de Topografia) | O36: Algoritmos e Estruturas de Dados II (Alison Zille) (Lab. 1 - Info) | P36: Banco de Dados (Patrícia Lucas) (Lab. 2 - Info) | Q36: Optativa I - Sistemas de Apoi à Decisão (Zélia) (Lab. 4 - Info) | R36: Optativa IV - Tópicos Especiais em Computação I (Geycy) (Lab. 3 - Info) | AB36: ESTATÍSTICA BÁSICA (EAD) (Agnaldo) | AC36: Prática Pedagógica V: Laboratório de Genética (Turma Extra Pré Horário) (Vanessa Santana) | AK36: UCE 02 - Projeto Tecnologias na Educação (Viviane) (1/14) | AO36: Laboratório de Química Geral II (Bruno) (Lab. Química I) | AQ36: Unidade Curricular de Extensão (UCE) II (Cristiane) (1/9) | AU36: Pesquisa e Prática Pedagógica IV (Giuliana) (2/2) | AW36: Educação: Corpo e Ludicidade (Jairo / Fabiene) (2/4)
B37: INTERVALO
B38: 18:10 - 19:00 | D38: ESTATÍSTICA BÁSICA (EAD) (Agnaldo) | K38: UCE II (Jane Bruna) (Sala de Topografia) | O38: Algoritmos e Estruturas de Dados II (Alison Zille) (Lab. 1 - Info) | P38: Banco de Dados (Patrícia Lucas) (Lab. 2 - Info) | Q38: Optativa I - Sistemas de Apoi à Decisão (Zélia) (Lab. 4 - Info) | R38: Optativa IV - Tópicos Especiais em Computação I (Geycy) (Lab. 3 - Info) | AB38: ESTATÍSTICA BÁSICA (EAD) (Agnaldo) | AC38: Prática Pedagógica V: Laboratório de Genética (Turma Extra Pré Horário) (Vanessa Santana) (1/8) | AG38: ESTÁGIO CURRICULAR SUPERVISIONADO II (Emille) (1/11) | AH38: FÍSICA CONTEMPORÂNEA (Luciano) (1/12) | AK38: UCE 02 - Projeto Tecnologias na Educação (Viviane) (1/14) | AL38: Estágio Supervisionado II (120 h/a) (Lucas Diego) (LEM) | AO38: Laboratório de Química Geral II (Bruno) (Lab. Química I) | AQ38: Unidade Curricular de Extensão (UCE) II (Cristiane) (1/9) | AU38: Pesquisa e Prática Pedagógica IV (Giuliana) (2/2) | AW38: Educação: Corpo e Ludicidade (Jairo / Fabiene) (2/4)
B39: 19:00 - 19:50 | P39: Introdução à economia (Mário) (3/9) | Q39: Metodologia Científica (Geycy) (Lab. 2 - Info) | R39: Sistemas Distribuídos (Zélia) (Lab. 4 - Info) | Z39: Histologia (Valéria) (1/5) | AA39: Parasitologia (Filipe) (1/6) | AB39: ESTATÍSTICA BÁSICA (EAD) (Arilson) | AC39: Educação Profissional (Laio) (1/8) | AF39: Cálculo Diferencial e integral III (Eilson Santiago) (1/11) | AG39: UCE IV - ROBÓTICA EDUCACIONAL (Rodrigo Freitas) (1/11) | AH39: FÍSICA CONTEMPORÂNEA (Luciano) (1/12) | AJ39: Geometria Euclidiana Plana (oferta especial) (Aldemi) (1/13) | AK39: UCE 02 - Projeto Tecnologias na Educação (Viviane) (LEM) | AL39: Cálculo Diferencial e integral III (Eilson Santiago) (1/11) | AM39: Educação Profissional (Laio) (1/16) | AP39: Análise Orgânica (Bruno) (1/17) | AR39: Educação Profissional (Laio) (1/16) | AT39: Letramento (s): Dimensão Plural (Cláudia) (2/1) | AU39: Estágio Supervisionado III: Alfabetização e Avaliações Institucionais (Edna / Admilson) (2/2) | AV39: Gestão da Educação em espaços não escolares (Emille) (2/3) | AW39: Organização da Educação Brasileira (Gerson) (2/5)/ Optativa II: Pedagogia Empresarial (Lilian) (2/4)
B40: 19:50 - 20:40 | P40: Introdução à economia (Mário) (3/9) | Q40: Metodologia Científica (Geycy) (Lab. 2 - Info) | R40: Sistemas Distribuídos (Zélia)(Lab. 4 - Info) | Z40: Histologia (Valéria) (1/5) | AA40: Parasitologia (Filipe) (1/6) | AB40: Ecologia de Populações (Tatianne) (1/7) | AC40: Educação Profissional (Laio) (1/8) | AF40: Cálculo Diferencial e integral III (Eilson Santiago) (1/11) | AG40: UCE IV - ROBÓTICA EDUCACIONAL (Rodrigo Freitas) (1/11) | AH40: FÍSICA CONTEMPORÂNEA (Luciano) (1/12) | AJ40: Geometria Euclidiana Plana (oferta especial) (Aldemi) (1/13) | AK40: UCE 02 - Projeto Tecnologias na Educação (Viviane) (1/14) | AL40: Cálculo Diferencial e integral III (Eilson Santiago) (1/11) | AM40: Educação Profissional (Laio)(1/16) | AP40: Análise Orgânica (Bruno) (1/17) | AR40: Educação Profissional (Laio) (1/16) | AT40: Letramento (s): Dimensão Plural (Cláudia) (2/1) | AU40: UCE IV: Alfaletrar: Práticas de Alfabetização na Escola (Admilson e Giuliana) (2/2) | AV40: Gestão da Educação em espaços não escolares (Emille) (2/3) | AW40: Organização da Educação Brasileira (Gerson) (2/5)/ Optativa II: Pedagogia Empresarial (Lilian) (2/4)
B41: INTERVALO
B42: 21:00 - 21:50 | P42: UCE II - Ferramentas Computacionais na Educação (Geycy) (Lab. 2 - Info) | Q42: Desenvolvimento WEB II (Arthur) (Lab. 1 - Info) | Z42: Genética (Marinalva / Vanessa Santana) (1/5) | AA42: Educação, Sociedade e Trabalho (Márlio) (1/6) | AB42: Pesquisa e Educação: Produtos Educacionais 1 (Laio) (1/7) | AC42: Fundamentos de Geologia e Paleontologia (Élcio José) (1/8) | AF42: Educação, Sociedade e Trabalho (Márlio)(1/6) | AG42: FÍSICA GERAL III (Rodrigo Freitas) (Lab. Física - Rec. Didáticos) | AH42: FÍSICA CONTEMPORÂNEA (Luciano) (1/12) | AK42: Educação, Sociedade e Trabalho (Márlio) (1/6) | AL42: UCE 04 - Projeto Formação de Professores de Matemática (Lucas Diego) (LEM) | AM42: Estatística Básica (Arilson e Agnaldo) (1/16) | AP42: Química Inorgânica II (2023) (Aline) (1/17) | AQ42: Físico-Química I (Magnovaldo) (1/9) | AT42: Matemática Básica (Fabiano) (2/1) | AU42: Fundamentos e Metodologia da Língua Portuguesa na Educação Infantil (Emille) (2/2) | AV42: Educação do Campo (Patrícia Lima) (2/3) | AW42: Organização da Educação Brasileira (Gerson) (2/5)/ Optativa II: Pedagogia Empresarial (Lilian) (2/4)
B43: 21:50 - 22:40 | P43: UCE II - Ferramentas Computacionais na Educação (Geycy) (Lab. 2 - Info) | Q43: Desenvolvimento WEB II (Arthur) (Lab. 1 - Info) | Z43: Genética (Marinalva / Vanessa Santana) (1/5) | AA43: Educação, Sociedade e Trabalho (Márlio) (1/6) | AB43: Pesquisa e Educação: Produtos Educacionais 1 (Laio) (1/7) | AC43: Fundamentos de Geologia e Paleontologia (Élcio José) (1/8) | AF43: Educação, Sociedade e Trabalho (Márlio)(1/6) | AG43: FÍSICA GERAL III (Rodrigo Freitas) (Lab. Física - Rec. Didáticos) | AH43: EVOLUÇÃO DAS IDEIAS DA FÍSICA (Luciano)(1/12) | AK43: Educação, Sociedade e Trabalho (Márlio) (1/6) | AL43: UCE 04 - Projeto Formação de Professores de Matemática (Lucas Diego) (LEM) | AM43: Estatística Básica (Arilson e Agnaldo) (1/16) | AP43: Química Inorgânica II (2023) (Aline) (1/17) | AQ43: Físico-Química I (Magnovaldo) (1/9) | AT43: Matemática Básica (Fabiano) (2/1) | AU43: Fundamentos e Metodologia da Língua Portuguesa na Educação Infantil (Emille) (2/2) | AW43: Organização da Educação Brasileira (Gerson) (2/5)/ Optativa II: Pedagogia Empresarial (Lilian) (2/4)
A44: DIA | B44: HORÁRIO | C44: 2º PERÍODO Eng. Alimento | D44: 4º PERÍODO Eng. Alimentos | E44: 6º PERÍODO Eng. Alimentos | F44: 8º PERÍODO Eng. Alimentos | G44: 10º PERÍODO Eng. Alimentos | I44: 2º PERÍODO Eng. Florestal | J44: 4º PERÍODO Eng. Florestal | K44: 6º PERÍODO Eng. Florestal | L44: 8º PERÍODO Eng. Florestal | M44: 10º PERÍODO Eng. Florestal | O44: 2º PERÍODO Sist. de Informação | P44: 4º PERÍODO Sist. de Informação | Q44: 6º PERÍODO Sist. de Informação | R44: 8º PERÍODO Sist. de Informação | T44: 2º PERÍODO Med. Veterinária | U44: 4º PERÍODO Med. Veterinária | V44: 6º PERÍODO Med. Veterinária | W44: 8º PERÍODO Med. Veterinária | X44: 10º PERÍODO Med. Veterinária | Z44: 2º PERÍODO Lic. Biológicas | AA44: 4º PERÍODO Lic. Biológicas | AB44: 6º PERÍODO Lic. Biológicas | AC44: 8º PERÍODO Lic. Biológicas | AE44: 2º PERÍODO Lic. Física | AF44: 4º PERÍODO Lic. Física | AG44: 6º PERÍODO Lic. Física | AH44: 8º PERÍODO Lic. Física | AJ44: 2º PERÍODO Lic. Matemática | AK44: 4º PERÍODO Lic. Matemática | AL44: 6º PERÍODO Lic. Matemática | AM44: 8º PERÍODO Lic. Matemática | AO44: 2º PERÍODO Lic. Química | AP44: 4º PERÍODO Lic. Química | AQ44: 6º PERÍODO Lic. Química | AR44: 8º PERÍODO Lic. Química | AT44: 2º PERÍODO Lic. Pedagogia | AU44: 4º PERÍODO Lic. Pedagogia | AV44: 6º PERÍODO Lic. Pedagogia | AW44: 8º PERÍODO Lic. Pedagogia
A45: QUARTA | B45: 07:20 - 08:10 | F45: Refrigeração (Isis) (Sl. Fenômenos) | I45: Sociologia e Extensão RuralSociologia e Extensão Rural (Patrícia Lima) (3/7) | J45: Química Analítica (Aldo Gomes) (3/8) | K45: Inventário Florestal (Vinícius) (3/9) | L45: Recuperação de Áreas Degradadas (Alessandro) (3/10) | T45: Embriologia (Lídia) (HV 1) | U45: Farmacologia Veterinária (Valéria) (HV 2) | V45: Tecnologia de Leite (Juliana Zara) (HV 3) | W45: Inspeção de Produtos de Origem Animal (Paulo Henrique) (HV 4)
B46: 08:10 - 09:00 | F46: Refrigeração (Isis) (Sl. Fenômenos) | I46: Sociologia e Extensão RuralSociologia e Extensão Rural (Patrícia Lima) (3/7) | J46: Química Analítica (Aldo Gomes) (3/8) | K46: Inventário Florestal (Vinícius) (3/9) | L46: Recuperação de Áreas Degradadas (Alessandro) (3/10) | T46: Embriologia (Lídia) (HV 1) | U46: Farmacologia Veterinária (Valéria) (HV 2) | V46: Tecnologia de Leite (Juliana Zara) (HV 3) | W46: Inspeção de Produtos de Origem Animal (Paulo Henrique) (HV 4)
B47: INTERVALO
B48: 09:20 - 10:10 | D48: CÁLCULO III (Viviane) (1/13) | E48: PRINCÍPIOS DE CONSERVAÇÃO DE ALIMENTOS (Felipe Cimino) (Lab. Bromatologia) | F48: Refrigeração (Isis) (Sl. Fenômenos) | J48: Dendrologia (Vinícius) (3/8) | K48: Viveiros Florestais (Giovanni) (3/9) | L48: Produtos Florestais (Wagner) (3/10) | T48: Genética (Marinalva) | U48: Farmacologia Veterinária (Valéria) (HV 2) | V48: Tecnologia de Leite (Juliana Zara) (HV 3) | W48: Cirurgia e Obstetrícia (Walter) (HV 4)
B49: 10:10 - 11:00 | D49: CÁLCULO III (Viviane) (1/13) | E49: PRINCÍPIOS DE CONSERVAÇÃO DE ALIMENTOS (Felipe Cimino) (Lab. Bromatologia) | F49: Refrigeração (Isis) (Sl. Fenômenos) | J49: Dendrologia (Vinícius) (3/8) | K49: Viveiros Florestais (Giovanni) (3/9) | L49: Produtos Florestais (Wagner) (3/10) | T49: Genética (Marinalva) | U49: Farmacologia Veterinária (Valéria) (HV 2) | V49: Tecnologia de Leite (Juliana Zara) (HV 3) | W49: Cirurgia e Obstetrícia (Walter) (HV 4)
B50: 11:00 - 11:50 | E50: UCE I (Higor) | V50: UCE 2 (Eduardo Garrido/ Thaís/ Antônio/ Lídia )(HV 3)
B51: ALMOÇO
B52: 13:20 - 14:10 | C52: MATÉRIAS PRIMAS ALIMENTÍCIAS (Bruna Porto) (1/13) | E52: PRINCÍPIOS DE CONSERVAÇÃO DE ALIMENTOS (Felipe Cimino) (Lab. Bromatologia) | J52: Estatística Experimental (Vinícius) (Lab. 4 - Info) | K52: Estrutura Anatômica e Composição da Madeira (Wagner) (3/8) | L52: Construções de Madeira (Alessandro) (3/11) | P52: Engenharia de Software II (Danielle Miranda)(Lab. 1 - Info) | Q52: Administração de Serviços de Redes de Computadores (Jamerson Jardel) (Lab. Redes) | U52: Melhoramento Genético (Sérgio) (HV 2) | V52: Doenças Infecciosas (Eduardo Garrido) (HV 3) | W52: Clinica Médica de Pequenos Animais II (Thaís) (HV 4) | AJ52: Geometria Euclidiana Plana (oferta especial) (Aldemi) (1/13)
B53: 14:10 - 15:00 | C53: MATÉRIAS PRIMAS ALIMENTÍCIAS (Bruna Porto) (1/13) | E53: PRINCÍPIOS DE CONSERVAÇÃO DE ALIMENTOS (Felipe Cimino) (Lab. Bromatologia) | J53: Estatística Experimental (Vinícius) (Lab. 4 - Info) | K53: Estrutura Anatômica e Composição da Madeira (Wagner) (3/8) | L53: Construções de Madeira (Alessandro) (3/11) | P53: Engenharia de Software II (Danielle Miranda)(Lab. 1 - Info) | Q53: Administração de Serviços de Redes de Computadores (Jamerson Jardel) (Lab. Redes) | U53: Melhoramento Genético (Sérgio) (HV 2) | V53: Doenças Infecciosas (Eduardo Garrido) (HV 3) | W53: Clinica Médica de Pequenos Animais II (Thaís) (HV 4) | AJ53: Geometria Euclidiana Plana (oferta especial) (Aldemi) (1/13)
B54: INTERVALO
B55: 15:20 - 16:10 | AC55: Libras ll (EAD) | AH55: LIBRAS II (EaD) | AM55: LIBRAS II (EaD)
B56: 16:10 - 17:00 | AC56: Libras ll (EAD) | AH56: LIBRAS II (EaD) | AM56: LIBRAS II (EaD)
B57: 17:00 - 17:50 | D57: ESTATÍSTICA BÁSICA (EAD) (Agnaldo) | Q57: Introdução à Inteligência Artificial (Alison Zille) (Lab. 1 - Info) | AQ57: Unidade Curricular de Extensão (UCE) II (Cristiane) (1/9) | AV57: Libras I - EaD (Luciene) | AW57: Estágio Curricular Supervisionado IV: Gestão Escolar (Lilian) (2/4)
B58: INTERVALO
B59: 18:10 - 19:00 | Q59: Introdução à Inteligência Artificial (Alison Zille) (Lab. 1 - Info) | AG59: MECÂNICA CLÁSSICA (Luciano) (1/11) | AL59: Física Geral III (Rodrigo Freitas) (Lab. Física - Rec. Didáticos) | AM59: Trabalho de Conclusão de Curso – TCC II (Lucas Diego) (LEM) | AQ59: Unidade Curricular de Extensão (UCE) II (Cristiane) (1/9) | AT59: UCE II: Educação e Diversidade (Emille) (2/1) | AU59: UCE IV: Alfaletrar: Práticas de Alfabetização na Escola (Admilson e Giuliana) (2/2) | AV59: Libras I - EaD (Luciene) | AW59: Estágio Curricular Supervisionado IV: Gestão Escolar (Lilian) (2/4)
B60: 19:00 - 19:50 | Q60: Optativa I - Sistemas de Apoi à Decisão (Zélia) (Lab. 1 - Info) | Z60: Histologia (Valéria) (1/5) | AA60: Didática I (Gerson) (1/6) | AB60: Pesquisa e Educação: Produtos Educacionais 1 (Laio) (1/7) | AC60: Fundamentos de Geologia e Paleontologia (Filipe) (1/8) | AF60: Didática I (Gerson) (1/6) | AG60: MECÂNICA CLÁSSICA (Luciano) (1/11) | AK60: Didática I (Gerson)(1/6) | AL60: Física Geral III (Rodrigo Freitas) (Lab. Física - Rec. Didáticos) | AM60: Trabalho de Conclusão de Curso – TCC II (Lucas Diego) (LEM) | AP60: Química Inorgânica II (2023) (Aline)(1/17) | AQ60: Química Analítica Quantitativa (Aldo Gomes) (1/9) | AR60: Físico-Química III (Magnovaldo) (1/12) | AT60: Filosofia e Infância (Admilson) (2/1) | AU60: Psicologia da Educação II (Emille) (2/2) | AV60: Educação do Campo (Patrícia Lima) (2/3) | AW60: Estágio Curricular Supervisionado IV: Gestão Escolar (Lilian) (2/4)
B61: 19:50 - 20:40 | Q61: Optativa I - Sistemas de Apoi à Decisão (Zélia) (Lab. 1 - Info) | Z61: Histologia (Valéria) (1/5) | AA61: Didática I (Gerson) (1/6) | AB61: Pesquisa e Educação: Produtos Educacionais 1 (Laio) (1/7) | AC61: Fundamentos de Geologia e Paleontologia (Filipe) (1/8) | AF61: Didática I (Gerson) (1/6) | AG61: MECÂNICA CLÁSSICA (Luciano) (1/11) | AK61: Didática I (Gerson) (1/6) | AL61: Física Geral III (Rodrigo Freitas) (Lab. Física - Rec. Didáticos) | AM61: Introdução à Análise Real (Nilmar) (1/16) | AP61: Química Inorgânica II (2023) (Aline)(1/17) | AQ61: Química Analítica Quantitativa (Aldo Gomes) (1/9) | AR61: Físico-Química III (Magnovaldo) (1/12) | AT61: Filosofia e Infância (Admilson) (2/1) | AU61: Psicologia da Educação II (Emille) (2/2) | AV61: Fundamentos e Metodologia da Educação de Jovens e Adultos (Edna) (2/3) | AW61: Estágio Curricular Supervisionado IV: Gestão Escolar (Lilian) (2/4)
B62: INTERVALO
B63: 21:00 - 21:50 | Z63: Embriologia (Lídia) (1/5) | AA63: Física Experimental para o Ensino Fundamental (Rodrigo Freitas) (1/6) | AB63: Leitura e Produção de Textos Acadêmicos (Evelyn) (1/7) | AC63: Prática Pedagógica X: Laboratório de Botânica (Lays) (1/8) | AH63: Educação e Diversidade (Emille)(1/12) /FÍSICA CONTEMPORÂNEA (Luciano) (1/17) | AK63: Cálculo II (oferta especial) (Nilmar) (1/14) | AL63: Leitura e Produção de Textos Acadêmicos (Evelyn) (1/15) | AM63: Educação e Diversidade (Emille) (1/12) | AP63: Cálculo II (oferta especial) (Nilmar) (1/14) | AQ63: Educação e Diversidade (Emille)(1/12) / TCC I - Química (Gerson) (1/9) | AT63: Filosofia e Infância (Admilson) (2/1) | AU63: Fundamentos e Metodologia das Ciências na Educação Infantil (Laio) | AV63: Fundamentos e Metodologia da Educação de Jovens e Adultos (Edna) (2/3) | AW63: Optativa II: Neurociência e Educação (Giuliana) (2/4)
B64: 21:50 - 22:40 | Z64: Embriologia (Lídia) (1/5) | AA64: Física Experimental para o Ensino Fundamental (Rodrigo Freitas) (1/6) | AB64: Leitura e Produção de Textos Acadêmicos (Evelyn) (1/7) | AC64: Prática Pedagógica X: Laboratório de Botânica (Lays) (1/8) | AH64: Educação e Diversidade (Emille)(1/12) FÍSICA CONTEMPORÂNEA (Luciano) (1/17) | AK64: Cálculo II (oferta especial) (Nilmar)(1/14) | AL64: Leitura e Produção de Textos Acadêmicos (Evelyn) (1/15) | AM64: Educação e Diversidade (Emille) (1/12) | AP64: Cálculo II (oferta especial) (Nilmar) (1/14) | AQ64: Educação e Diversidade (Emille) (1/12)/ TCC I - Química (Gerson) | AT64: Filosofia e Infância (Admilson) (2/1) | AU64: Fundamentos e Metodologia das Ciências na Educação Infantil (Laio) | AV64: Fundamentos e Metodologia da Educação de Jovens e Adultos (Edna) (2/3) | AW64: Optativa II: Neurociência e Educação (Giuliana) (2/4)
A65: DIA | B65: HORÁRIO | C65: 2º PERÍODO Eng. Alimento | D65: 4º PERÍODO Eng. Alimentos | E65: 6º PERÍODO Eng. Alimentos | F65: 8º PERÍODO Eng. Alimentos | G65: 10º PERÍODO Eng. Alimentos | I65: 2º PERÍODO Eng. Florestal | J65: 4º PERÍODO Eng. Florestal | K65: 6º PERÍODO Eng. Florestal | L65: 8º PERÍODO Eng. Florestal | M65: 10º PERÍODO Eng. Florestal | O65: 2º PERÍODO Sist. de Informação | P65: 4º PERÍODO Sist. de Informação | Q65: 6º PERÍODO Sist. de Informação | R65: 8º PERÍODO Sist. de Informação | T65: 2º PERÍODO Med. Veterinária | U65: 4º PERÍODO Med. Veterinária | V65: 6º PERÍODO Med. Veterinária | W65: 8º PERÍODO Med. Veterinária | X65: 10º PERÍODO Med. Veterinária | Z65: 2º PERÍODO Lic. Biológicas | AA65: 4º PERÍODO Lic. Biológicas | AB65: 6º PERÍODO Lic. Biológicas | AC65: 8º PERÍODO Lic. Biológicas | AE65: 2º PERÍODO Lic. Física | AF65: 4º PERÍODO Lic. Física | AG65: 6º PERÍODO Lic. Física | AH65: 8º PERÍODO Lic. Física | AJ65: 2º PERÍODO Lic. Matemática | AK65: 4º PERÍODO Lic. Matemática | AL65: 6º PERÍODO Lic. Matemática | AM65: 8º PERÍODO Lic. Matemática | AO65: 2º PERÍODO Lic. Química | AP65: 4º PERÍODO Lic. Química | AQ65: 6º PERÍODO Lic. Química | AR65: 8º PERÍODO Lic. Química | AT65: 2º PERÍODO Lic. Pedagogia | AU65: 4º PERÍODO Lic. Pedagogia | AV65: 6º PERÍODO Lic. Pedagogia | AW65: 8º PERÍODO Lic. Pedagogia
A66: QUINTA | B66: 07:20 - 08:10 | E66: SECAGEM DE GRÃOS (Jean) (1/14) | J66: Dendrologia (Vinícius) (3/8) | T66: Fisiologia Animal I (Valéria) (HV 1) | U66: Etol. Bioclim. Bem estar (Paulo Henrique) (HV 2) | V66: Patologia Clínica Veterinária (Eduardo Garrido) (HV 3) | W66: Reprodução Animal II (Leonardo Coelho) (HV 4)
B67: 08:10 - 09:00 | E67: SECAGEM DE GRÃOS (Jean) (1/14) | J67: Dendrologia (Vinícius) (3/8) | T67: Fisiologia Animal I (Valéria) (HV 1) | U67: Etol. Bioclim. Bem estar (Paulo Henrique) (HV 2) | V67: Patologia Clínica Veterinária (Eduardo Garrido) (HV 3) | W67: Reprodução Animal II (Leonardo Coelho) (HV 4)
B68: INTERVALO
B69: 09:20 - 10:10 | D69: NUTRIÇÃO HUMANA (Jean) (1/14) | E69: UCE I (Higor) (2/6) | F69: Óleos e Gorduras (OPTATIVA I) (Bruna Porto) (Sl. Fenômenos) / Massas e Panificação (OPTATIVA II) (Márcia Antunes) (Sl. Oficina) | J69: Estatística Experimental (Vinícius) (Lab. 4 - Info) | K69: Hidráulica e Irrigação Aplicada (Marcelo Rossi) (3/7) | L69: Colheita e Transporte Florestal (Alessandro)(3/8) | T69: Genética (Marinalva) (HV 1) | U69: Etol. Bioclim. Bem estar (Paulo Henrique) (HV 2) | V69: UCE 2 (Eduardo Garrido / Thaís / Antônio / Lídia) (HV 3) | W69: Reprodução Animal II (Leonardo Coelho) (HV 4)
B70: 10:10 - 11:00 | D70: NUTRIÇÃO HUMANA (Jean) (1/14) | E70: UCE I (Higor) (2/6) | F70: Óleos e Gorduras (OPTATIVA I) (Bruna Porto) (Sl. Fenômenos) / Massas e Panificação (OPTATIVA II) (Márcia Antunes) (Sl. Oficina) | J70: Estatística Experimental (Vinícius) (Lab. 4 - Info) | K70: Hidráulica e Irrigação Aplicada (Marcelo Rossi) (3/7) | L70: Colheita e Transporte Florestal (Alessandro) (3/8) | T70: Genética (Marinalva) (HV 1) | U70: Etol. Bioclim. Bem estar (Paulo Henrique) (HV 2) | V70: UCE 2 (Eduardo Garrido/ Thaís/ Antônio/ Lídia) (HV 3) | W70: Reprodução Animal II (Leonardo Coelho) (HV 4)
B71: 11:00 - 11:50 | E71: UCE I (Higor) (2/6) | F71: Óleos e Gorduras (OPTATIVA I) (Bruna Porto) (Sl. Fenômenos) / Massas e Panificação (OPTATIVA II) (Márcia Antunes) (Sl. Oficina) | L71: UCE IV (Élcio José/Marcelo Rossi) (3/10)
B72: ALMOÇO
B73: 13:20 - 14:10 | D73: Física II (Diego Carvalho) (3/11) | E73: OPERAÇÕES UNITÁRIAS I (Higor) (Lab. Fenôm. de Transportes) | F73: Óleos e Gorduras (OPTATIVA I) (Bruna Porto) (Sl. Fenômenos) / Massas e Panificação (OPTATIVA II) (Márcia Antunes) (Sl. Oficina) | I73: Geometria Analítica e Álgebra Linear (Marco Aurélio) (3/7) | K73: Arborização e Paisagismo (Jerffson Lucas) (3/9) | L73: UCE IV (Élcio José) (3/10) | O73: Algoritmos e Estruturas de Dados II (Alison Zille) (Lab. 2 - Info) | Q73: Administração de Serviços de Redes de Computadores (Jamerson Jardel) (Lab. Redes) | U73: Imunologia (Vanessa Paulino) (HV 2) | V73: Doenças Infecciosas (Eduardo Garrido) (HV 3) | W73: Tóp. Esp. Insp. Prod. Anim. - Paulo / Prát. Emerg. Clinica e Cirurg. - (Walter) ( Valéria) (HV 4) / Clínica, Cirurgia e Patologia de Animais Silvestres (Thaís) (HV 1)/ Cirurgia de Grandes Animais (Leonardo Coelho) (HV5)
B74: 14:10 - 15:00 | D74: Física II (Diego Carvalho) (3/11) | E74: OPERAÇÕES UNITÁRIAS I (Higor) (Lab. Fenôm. de Transportes) | F74: UCE III (Márcia Antunes) (Sl. Oficina) | I74: Geometria Analítica e Álgebra Linear (Marco Aurélio) (3/7) | K74: Arborização e Paisagismo (Jerffson Lucas) (3/9) | L74: UCE IV (Élcio José) (3/10) | O74: Algoritmos e Estruturas de Dados II (Alison Zille) (Lab. 2 - Info) | Q74: Administração de Serviços de Redes de Computadores (Jamerson Jardel) (Lab. Redes) | T74: Ecologia de populações (Tatianne) | U74: Imunologia (Vanessa Paulino) (HV 2) | V74: Doenças Infecciosas (Eduardo Garrido) (HV 3) | W74: Tóp. Esp. Insp. Prod. Anim. - (Paulo Henrique) / Prát. Emerg. Clinica e Cirurg. - (Walter , Valéria) (HV 4) / Clínica, Cirurgia e Patologia de Animais Silvestres (Thaís) (HV 1)/ Cirurgia de Grandes Animais (Leonardo Coelho) (HV5)
B75: INTERVALO
B76: 15:20 - 16:10 | D76: FÍSICO-QUÍMICA II (Luiz Fernando) (1/13) | E76: OPERAÇÕES UNITÁRIAS I (Higor) (Lab. Fenôm. de Transportes) | F76: UCE III (Márcia Antunes) (Sl. Oficina) | I76: Física Geral I (Diego Carvalho) (3/7) | J76: Fisiologia Vegetal (Michellia) (3/8) | K76: Arborização e Paisagismo (Jerffson Lucas) (3/9) | L76: UCE IV (Marcelo Rossi) (3/10) | O76: MATEMÁTICA DISCRETA (Nilmar) (3/11) | Q76: Introdução à Inteligência Artificial (Alison Zille) (Lab. 2 - Info) | T76: Ecologia de populações (Tatianne) | U76: Imunologia (Vanessa Paulino) (HV 2) | V76: Doenças Infecciosas (Eduardo Garrido) (HV 3) | W76: Tóp. Esp. Insp. Prod. Anim. - (Paulo Henrique) / Prát. Emerg. Clinica e Cirurg. - (Walter , Valéria) (HV 4) / Clínica, Cirurgia e Patologia de Animais Silvestres (Thaís) (HV 1)/ Cirurgia de Grandes Animais (Leonardo Coelho) (HV5)
B77: 16:10 - 17:00 | D77: FÍSICO-QUÍMICA II (Luiz Fernando) (1/13) | E77: OPERAÇÕES UNITÁRIAS I (Higor) (Lab. Fenôm. de Transportes) | F77: UCE III (Márcia Antunes) (Sl. Oficina) | I77: Física Geral I (Diego Carvalho) (3/7) | J77: Fisiologia Vegetal (Michellia) (3/8) | L77: UCE IV (Marcelo Rossi) (3/10) | O77: MATEMÁTICA DISCRETA (Nilmar) (3/11) | Q77: Introdução à Inteligência Artificial (Alison Zille) (Lab. 2 - Info) | T77: Ecologia de populações (Tatianne) | V77: Doenças Infecciosas (Eduardo Garrido) (HV 3) | W77: Tóp. Esp. Insp. Prod. Anim. - (Paulo Henrique) / Prát. Emerg. Clinica e Cirurg. - (Walter , Valéria) (HV 4) / Clínica, Cirurgia e Patologia de Animais Silvestres (Thaís) (HV 1)/ Cirurgia de Grandes Animais (Leonardo Coelho) (HV5)
B78: 17:00 - 17:50 | O78: MATEMÁTICA DISCRETA (Nilmar) (3/11) | R78: Optativa III - Métodos Ágeis (Zélia) (Lab. 2 - Info) | AW78: Pesquisa Aplicada à Educação III – TCC III (Edna) (2/4)
B79: INTERVALO
B80: 18:10 - 19:00 | O80: MATEMÁTICA DISCRETA (Nilmar) (EaD) | R80: Optativa III - Métodos Ágeis (Zélia) (Lab. 2 - Info) | AB80: Estágio Curricular Supervisionado lll (Érica) (1/7) | AQ80: Estágio Curricular Supervisionado II (Química) (Laio) (1/9) | AW80: Pesquisa Aplicada à Educação III – TCC III (Edna) (2/4)
B81: 19:00 - 19:50 | O81: Arquitetura de Computadores (Zélia) (Lab. 2 - Info) | R81: Direito Digital (Joaquim Comini) (CeaD) | Z81: Zoologia comparada de Invertebrados ll (Filipe) (1/5) | AA81: Bioquímica (Cristiane) (1/6) | AB81: Sistemática de Angiospermas (Michellia) (1/7) | AC81: Prática Pedagógica Vlll: Laboratório de Ecologia (Vanessa Santana) (1/8) | AF81: Cálculo Diferencial e integral III (Eilson Santiago) (1/11) / Física Experimental II (Gera Magela/Luciano) | AH81: UCE VI - SELFÍS (Rafael) (1/12) / Laboratório de Física Moderna (Clayton) | AK81: Cálculo II (oferta especial) (Nilmar) (1/14) | AL81: Cálculo Diferencial e integral III (Eilson Santiago) (1/11) | AM81: Funções de uma variável complexa (Viviane) (1/16) | AP81: Cálculo II (oferta especial) (Nilmar) (1/14) | AQ81: Bioquímica (Cristiane) / Fundamentos e Métodos Instrumentais de Análise (Aldo Gomes) (1/9) | AT81: Relações Étnico-Raciais na Educação Infantil e SIEF (Márlio) (2/1) | AU81: Fundamentos e Metodologia da História e Geografia na Educação Infantil (Laio) (2/2) | AV81: Organização da Educação Brasileira (Gerson) (2/3) | AW81: Pesquisa Aplicada à Educação III – TCC III (Edna) (2/4)
B82: 19:50 - 20:40 | O82: Arquitetura de Computadores (Zélia) (Lab. 2 - Info) | R82: Direito Digital (Joaquim Comini) (CeaD) | Z82: Zoologia comparada de Invertebrados ll (Filipe) (1/5) | AA82: Bioquímica (Cristiane) (1/6) | AB82: Sistemática de Angiospermas (Michellia) (1/7) | AC82: Prática Pedagógica Vlll: Laboratório de Ecologia (Vanessa Santana) (1/8) | AF82: Cálculo Diferencial e integral III (Eilson Santiago) (1/11) Física Experimental II (Gera Magela/Luciano) | AH82: UCE VI - SELFÍS (Rafael) (1/12) / Laboratório de Física Moderna (Clayton) | AK82: Cálculo II (oferta especial) (Nilmar) (1/14) | AL82: Cálculo Diferencial e integral III (Eilson Santiago) (1/11) | AM82: Funções de uma variável complexa (Viviane) (1/16) | AP82: Cálculo II (oferta especial) (Nilmar) (1/14) | AQ82: Bioquímica (Cristiane) / Fundamentos e Métodos Instrumentais de Análise (Aldo Gomes) (1/9) | AT82: Relações Étnico-Raciais na Educação Infantil e SIEF (Márlio) (2/1) | AU82: Fundamentos e Metodologia da História e Geografia na Educação Infantil (Laio) (2/2) | AV82: Organização da Educação Brasileira (Gerson) (2/3) | AW82: Pesquisa Aplicada à Educação III – TCC III (Edna) (2/4)
B83: INTERVALO
B84: 21:00 - 21:50 | R84: Trabalho de Conclusão de Curso II (Arthur) (Lab. 2 - Info) | Z84: Genética (Marinalva / Vanessa Santana) (1/5) | AA84: Diversidade dos Vegetais (Michellia) (1/6) | AB84: Educação e Relações Étnico-Raciais (Márlio) (1/7) | AC84: Prática Pedagógica lX: Educação e Saúde (Filipe) (1/8) | AF84: Física Geral II (Rafael) (1/10) | AG84: PRODUÇÃO E GESTÃO DO CONHECIMENTO (Laio) (1/11) | AK84: Física Geral I (Diego Carvalho / Poliana) (1/14) | AL84: PRODUÇÃO E GESTÃO DO CONHECIMENTO (Laio) (1/11) | AM84: Introdução à Análise Real (Nilmar) (1/16) | AP84: Análise Orgânica (Bruno) (1/17) | AQ84: Química Analítica Quantitativa (Aldo Gomes) (1/9) | AT84: História da Educação II (Renata) (2/1) | AU84: Fundamentos e Metodologia da Alfabetização e Letramento (Edna) (2/2) | AV84: Organização da Educação Brasileira (Gerson) (2/3) | AW84: Educação: Corpo e Ludicidade (Jairo / Fabiene)(2/4)
B85: 21:50 - 22:40 | R85: Trabalho de Conclusão de Curso II (Arthur) (Lab. 2 - Info) | Z85: Genética (Marinalva / Vanessa Santana) (1/5) | AA85: Diversidade dos Vegetais (Michellia) (1/6) | AB85: Educação e Relações Étnico-Raciais (Márlio) (1/7) | AC85: Prática Pedagógica lX: Educação e Saúde (Filipe) (1/8) | AF85: Física Geral II (Rafael)(1/10) | AG85: PRODUÇÃO E GESTÃO DO CONHECIMENTO (Laio) (1/11) | AK85: Física Geral I (Diego Carvalho / Poliana) (1/14) | AL85: PRODUÇÃO E GESTÃO DO CONHECIMENTO (Laio) (1/11) | AM85: Introdução à Análise Real (Nilmar) (1/16) | AP85: Análise Orgânica (Bruno) (1/17) | AQ85: Química Analítica Quantitativa (Aldo Gomes) (1/9) | AT85: História da Educação II (Renata ) (2/1) | AU85: Fundamentos e Metodologia da Alfabetização e Letramento (Edna) (2/2) | AV85: Organização da Educação Brasileira (Gerson) (2/3) | AW85: Educação: Corpo e Ludicidade (Jairo / Fabiene) (2/4)
A86: DIA | B86: HORÁRIO | C86: 2º PERÍODO Eng. Alimento | D86: 4º PERÍODO Eng. Alimentos | E86: 6º PERÍODO Eng. Alimentos | F86: 8º PERÍODO Eng. Alimentos | G86: 10º PERÍODO Eng. Alimentos | I86: 2º PERÍODO Eng. Florestal | J86: 4º PERÍODO Eng. Florestal | K86: 6º PERÍODO Eng. Florestal | L86: 8º PERÍODO Eng. Florestal | M86: 10º PERÍODO Eng. Florestal | O86: 2º PERÍODO Sist. de Informação | P86: 4º PERÍODO Sist. de Informação | Q86: 6º PERÍODO Sist. de Informação | R86: 8º PERÍODO Sist. de Informação | T86: 2º PERÍODO Med. Veterinária | U86: 4º PERÍODO Med. Veterinária | V86: 6º PERÍODO Med. Veterinária | W86: 8º PERÍODO Med. Veterinária | X86: 10º PERÍODO Med. Veterinária | Z86: 2º PERÍODO Lic. Biológicas | AA86: 4º PERÍODO Lic. Biológicas | AB86: 6º PERÍODO Lic. Biológicas | AC86: 8º PERÍODO Lic. Biológicas | AE86: 2º PERÍODO Lic. Física | AG86: 6º PERÍODO Lic. Física | AH86: 8º PERÍODO Lic. Física | AJ86: 2º PERÍODO Lic. Matemática | AK86: 4º PERÍODO Lic. Matemática | AL86: 6º PERÍODO Lic. Matemática | AM86: 8º PERÍODO Lic. Matemática | AO86: 2º PERÍODO Lic. Química | AP86: 4º PERÍODO Lic. Química | AQ86: 6º PERÍODO Lic. Química | AR86: 8º PERÍODO Lic. Química | AT86: 2º PERÍODO Lic. Pedagogia | AU86: 4º PERÍODO Lic. Pedagogia | AV86: 6º PERÍODO Lic. Pedagogia | AW86: 8º PERÍODO Lic. Pedagogia
A87: SEXTA | B87: 07:20 - 08:10 | C87: QUÍMICA ORGÂNICA (Elza) (Lab. Química I) | E87: TECNOLOGIA DE VEGETAIS (Andreia) (Setor de Vegetais) | L87: Avaliação de Impactos Ambientais e Recuperação de Áreas Degradadas (Alessandro/ Élcio José) (3/8) | T87: Anatomia Vet. II (Walter)(HV 1) | U87: Deontologia Veterinária ( Fernanda ) (HV 2) | V87: Toxicologia Veterinária (Lídia) (HV 3) | W87: Atendimento clínico de pequenos animais (Eduardo Garrido e Thaís) (Ambulatórios)
B88: 08:10 - 09:00 | C88: QUÍMICA ORGÂNICA (Elza) (Lab. Química I) | E88: TECNOLOGIA DE VEGETAIS (Andreia) (Setor de Vegetais) | L88: Avaliação de Impactos Ambientais e Recuperação de Áreas Degradadas (Alessandro/ Élcio José) (3/8) | T88: Anatomia Vet. II (Walter)(HV 1) | U88: Deontologia Veterinária ( Fernanda ) (HV 2) | V88: Toxicologia Veterinária (Lídia) (HV 3) | W88: Atendimento clínico de pequenos animais (Eduardo Garrido e Thaís) (Ambulatórios)
B89: INTERVALO
B90: 09:20 - 10:10 | D90: CIÊNCIA E MECÂNICA DOS MATERIAIS (Higor) (1/16) | E90: TECNOLOGIA DE VEGETAIS (Andreia) (Setor de Vegetais) | I90: Química Orgânica (Willian Andrade) (3/7) | L90: Avaliação de Impactos Ambientais e Recuperação de Áreas Degradadas (Alessandro/ Élcio José) (3/8) | T90: Anatomia Vet. II ( Walter)(HV 1) | U90: Parasitologia Veterinária (Fernanda) (HV 2) | V90: Suinocultura (Fernando Matos) (Zoo II) | W90: Atendimento clínico de pequenos animais (Eduardo Garrido, Thaís) (Ambulatórios)
B91: 10:10 - 11:00 | D91: CIÊNCIA E MECÂNICA DOS MATERIAIS (Higor) (1/16) | E91: TECNOLOGIA DE VEGETAIS (Andreia) (Setor de Vegetais) | F91: TCC I (Bruna Porto) (Sl. Oficina) | I91: Química Orgânica (Willian Andrade) (3/7) | L91: Avaliação de Impactos Ambientais e Recuperação de Áreas Degradadas (Alessandro/ Élcio José) (3/8) | T91: Anatomia Vet. II ( Walter)(HV 1) | U91: Parasitologia Veterinária (Fernanda) (HV 2) | V91: Suinocultura (Fernando Matos) (Zoo II) | W91: Atendimento clínico de pequenos animais (Eduardo Garrido e Thaís) (Ambulatórios)
B92: 11:00 - 11:50 | F92: TCC I (Bruna Porto) (Sl. Oficina)
B93: ALMOÇO
B94: 13:20 - 14:10 | D94: FÍSICO-QUÍMICA II (Luiz Fernando) (1/17) | E94: Laboratório de Fenômenos de Transporte (Higor) (Lab. Fenôm. de Transportes) | F94: Embalagens (Edilson) (Sl. Oficina) | I94: Física Geral I (Diego Carvalho) (3/7) | J94: Química Analítica (Aldo Gomes) (3/8) | L94: Gestão Ambiental (Élcio José) (3/9) | W94: Inspeção de Produtos de Origem Animal (Paulo Henrique) (HV 4)
B95: 14:10 - 15:00 | D95: FÍSICO-QUÍMICA II (Luiz Fernando) (1/17) | E95: Laboratório de Fenômenos de Transporte (Higor) (Lab. Fenôm. de Transportes) | F95: Embalagens (Edilson) (Sl. Oficina) | I95: Física Geral I (Diego Carvalho) (3/7) | J95: Química Analítica (Aldo Gomes) (3/8) | L95: Gestão Ambiental (Élcio José) (3/9) | W95: Inspeção de Produtos de Origem Animal (Paulo Henrique) (HV 4)
B96: INTERVALO
B97: 15:20 - 16:10 | D97: MICROBIOLOGIA (Vanessa Santana) (1/17) | E97: Laboratório de Fenômenos de Transporte (Higor) (Lab. Fenôm. de Transportes) | F97: Embalagens (Edilson) (Sl. Oficina) | I97: Geometria Analítica e Álgebra Linear (Marco Aurélio) (3/7) | J97: Fisiologia Vegetal (Michellia) (3/8) | O97: Inglês Instrumental (3/11) | W97: Diagnóstico por Imagem (Leonardo Coelho) (HV 4)
B98: 16:10 - 17:00 | D98: MICROBIOLOGIA (Vanessa Santana) (1/17) | E98: Laboratório de Fenômenos de Transporte (Higor) (Lab. Fenôm. de Transportes) | F98: Embalagens (Edilson) (Sl. Oficina) | I98: Geometria Analítica e Álgebra Linear (Marco Aurélio) (3/7) | J98: Fisiologia Vegetal (Michellia) (3/8) | O98: Inglês Instrumental (3/11) | W98: Diagnóstico por Imagem (Leonardo Coelho) (HV 4)
B99: 17:00 - 17:50 | AO99: Laboratório de Química Orgânica II (Oferta especial) (Bruno) (Lab. Química I) | AU99: Pesquisa e Prática Pedagógica III (Edna) (2/2)
B100: INTERVALO
...

Sheet Horário - Ensino Médio
A1: E | C1: AGROINDÚSTRIA | J1: AGROPECUÁRIA | Q1: INFORMÁTICA | X1: QUÍMICA | Z1: MEIO AMBIENTE
A2: DIA | B2: HORÁRIO | C2: 1º ANO A Agroindústria | D2: 1º ANO B Agroindústria | E2: 2º ANO A Agroindústria | F2: 2º ANO B Agroindústria | G2: 3º ANO A Agroindústria | H2: 3º ANO B Agroindústria | J2: 1º ANO A Agropecuária | K2: 1º ANO B Agropecuária | L2: 2º ANO A Agropecuária | M2: 2º ANO B Agropecuária | N2: 3º ANO A Agropecuária | O2: 3º ANO B Agropecuária | Q2: 1º ANO A Informática | R2: 1º ANO B Informática | S2: 2º ANO A Informática | T2: 2º ANO B Informática | U2: 3º ANO A Informática | V2: 3º ANO B Informática | X2: 1º ANO Química | Z2: 1º ANO - Meio Ambiente
A3: SEGUNDA-FEIRA | B3: 07:20 - 08:10 | C3: Química (Juliana Diniz) (Mini 1) | D3: Biologia (Érica)(2/2) | E3: Laboratório II(Anál. sensorial e Anál. F.Q) (Alexandre) (Sl. Análise Sensorial) | F3: Ed. Física (Gera Jr.) | G3: Tecnologia de Leite (Ramon) (Agroin. 1) | H3: Física (Rafael) (1/13) | J3: Agricultura Geral e Olericultura (Cani) (3/11) | K3: História (Crhistophe) (2/3) | L3: Desemho Téc. e Topografia (Rodrigo Nogueira) (Sala de Topografia) | M3: Culturas Anuais e Forragicultura (Leandro) (Agricult. II) | N3: Química (Magnovaldo) (1/14) | O3: Irrigação e Drenagem (Marcelo Rossi) (1/15) | Q3: Filosofia (Lucas Fernando) (2/4) | R3: Língua Espanhola (Luana) (2/5) | S3: Geografia (Márcia Martins) (1/10) | T3: Sociologia (Márlio) (1/11) | U3: Matemática (Nilsa)(1/16) | V3: Biologia (Rosi) (1/17) | X3: Geografia (Tiago Caminha)(1/4)
B4: 08:10 - 09:00 | C4: Química (Juliana Diniz) (2/1) | D4: Biologia (Érica)(2/2) | E4: Laboratório II(Anál. sensorial e Anál. F.Q) (Alexandre) (Sl. Análise Sensorial) | F4: Ed. Física (Gera Jr.) | G4: Tecnologia de Leite (Ramon)(Agroin. 1) | H4: Física (Rafael) (1/13) | J4: Agricultura Geral e Olericultura (Cani) (3/11) | K4: História (Crhistophe) (2/3) | L4: Desemho Téc. e Topografia (Rodrigo Nogueira) (Sala de Topografia) | M4: Culturas Anuais e Forragicultura (Leandro) (Agricult. II) | N4: Química (Magnovaldo) (1/14) | O4: Irrigação e Drenagem (Marcelo Rossi) (1/15) | R4: Filosofia (Lucas Fernando) (2/5) | S4: Geografia (Márcia Martins) (1/10) | T4: Sociologia (Márlio) (1/11) | U4: Matemática (Nilsa)(1/16) | V4: Biologia (Rosi) (1/17) | X4: Geografia (Tiago Caminha)(1/4) | Z4: Língua Espanhola (Luana)(1/5)
B5: INTERVALO
B6: 09:20 - 10:10 | C6: Matemática (Fabiano) (2/1) | D6: Física (Rafael) (2/2) | E6: Geografia (Márcia Martins)(1/6) | F6: Laboratório II(Anál. sensorial e Anál. F.Q) (Alexandre) (Sl. Análise Sensorial) | G6: Tecnologia de Leite (Ramon) (Agroin. 1) | H6: Sociologia (Márlio)(1/13) | J6: Agricultura Geral e Olericultura (Cani) (3/11) | K6: Filosofia (Lucas Fernando) (2/3) | L6: Culturas Anuais e Forragicultura (Leandro) (Agricult. II) | M6: Desemho Téc. e Topografia (Rodrigo Nogueira) (Sala de Topografia) | N6: Irrigação e Drenagem (Marcelo Rossi) (1/14) | O6: Química (Magnovaldo) (1/15) | Q6: Língua Espanhola (Luana) (2/4) | R6: Biologia (Érica)(2/5) | S6: Des. de sistema (Leonardo Humberto) (Lab. 1 - Info) | T6: Montagem e Manut. (Geycy) (Lab. 3 - Info) | U6: História (Renata) (1/16) | V6: Matemática (Nilsa) (1/17) | X6: Educação Física (Jairo) | Z6: História (Crhistophe) (1/5)
B7: 10:10 - 11:00 | C7: Língua Espanhola (Luana)(2/1) | D7: Química (Juliana Diniz)(2/2) | E7: Geografia (Márcia Martins)(1/6) | F7: Laboratório II(Anál. sensorial e Anál. F.Q) (Alexandre) (Sl. Análise Sensorial) | G7: Biologia (Rosi) (1/12) | H7: Matemática (Nilsa) (1/13) | J7: Agricultura Geral e Olericultura (Cani) (3/11) | L7: Culturas Anuais e Forragicultura (Leandro) (Agricult. II) | M7: Desemho Téc. e Topografia (Rodrigo Nogueira) (Sala de Topografia) | N7: Irrigação e Drenagem (Marcelo Rossi) (1/14) | O7: Química (Magnovaldo) (1/15) | Q7: Geografia (Tiago Caminha)(2/4) | R7: Biologia (Érica)(2/5) | S7: Des. de sistema (Leonardo Humberto) (Lab. 1 - Info) | T7: Montagem e Manut. (Geycy) (Lab. 3 - Info) | U7: História (Renata) (1/16) | X7: Educação Física (Jairo) | Z7: Filosofia (Lucas Fernando)(1/5)
B8: 11:00 - 11:50 | C8: Matemática (Fabiano) (2/1) | D8: Química (Juliana Diniz)(2/2) | E8: Física (Rodrigo Freitas) (1/6) | G8: Biologia (Rosi) (1/12) | H8: Matemática (Nilsa) (1/13) | J8: Filosofia (Lucas Fernando) (2/3) | L8: Geografia (Márcia Martins)(1/8) | M8: Língua Portuguesa(Luana) (1/9) | N8: Biologia (Érica) (1/14) | O8: Matemática (Viviane)(1/15) | Q8: Geografia (Tiago Caminha)(2/4) | S8: Sociologia (Márlio) (1/10) | T8: Montagem e Manut. (Geycy) (Lab. 3 - Info) | V8: História (Renata) (1/17) | Z8: Física (Rafael)(1/4)
B9: ALMOÇO
B10: 13:20 - 14:10 | C10: Matemática (Fabiano) (2/1) | D10: História (Crhistophe)(2/2) | E10: Língua Estrangeira (Carla/André Canela) (CELIN 1) | F10: Língua Estrangeira (Thaís Rios/André Canela) (CELIN 3) | G10: História (Renata) (1/12) | H10: Tecnologia de Leite (Ramon) (Agroin. 1) | K10: Educação Física (Jairo) | L10: Sociologia (Patrícia Lima) (1/8) | M10: Língua Portuguesa(Luana) (1/9) | N10: Cult. Perenes e Fruticultura (Leandro) (Agricult. III) | O10: Filosofia (Admilson) (2/6) | Q10: Química (Juliana Diniz)(2/4) | R10: Geografia (Tiago Caminha)(2/5) | S10: Sociologia (Márlio) (1/10) | T10: Educação Física (Gera Jr.) | U10: Filosofia (Lucas Fernando) (1/16) | V10: Física (Rafael) (1/17) | X10: Biologia (Érica)(1/4) | Z10: Biologia (Lays)(1/5)
B11: 14:10 - 15:00 | C11: Biologia (Érica)(2/1) | D11: História (Crhistophe)(2/2) | E11: Língua Estrangeira (Carla/André Canela) (CELIN 1) | F11: Língua Estrangeira (Thaís Rios/André Canela) (CELIN 3) | G11: História (Renata) (1/12) | H11: Tecnologia de Leite (Ramon) (Agroin. 1) | K11: Educação Física (Jairo) | L11: Sociologia (Patrícia Lima) (1/8) | M11: Geografia (Márcia Martins)(1/9) | N11: Cult. Perenes e Fruticultura (Leandro) (Agricult. III) | O11: Filosofia (Admilson) (2/6) | Q11: Química (Juliana Diniz)(2/4) | R11: Geografia (Tiago Caminha)(2/5) | S11: Montagem e Manut. (Geycy) (Lab. 3 - Info) | T11: Educação Física (Gera Jr.) | U11: Filosofia (Lucas Fernando) (1/16) | V11: Física (Rafael) (1/17) | X11: Língua Espanhola (Luana)(1/4) | Z11: Biologia (Lays)(1/5)
B12: INTERVALO
B13: 15:20 - 16:10 | C13: História (Crhistophe)(2/1) | D13: Matemática (Fabiano) (2/2) | E13: Biologia (Marinalva / Vanessa Santana)(1/6) | F13: Geografia (Márcia Martins) (1/7) | G13: Matemática (Nilsa) (1/12) | H13: Tecnologia de Leite (Ramon) (Agroin. 1) | J13: Geografia (Tiago Caminha) (2/3) | K13: Biologia (Érica) (2/4) | L13: Língua Estrangeira (Carla/Luana) (CELIN 1) | M13: Língua Estrangeira (Thaís Rios/Luana) (CELIN 2) | N13: Filosofia (Admilson) (2/6) | O13: Cult. Perenes e Fruticultura (Leandro) (Agricult. III) | Q13: Educação Física (Jairo) | R13: Química (Juliana Diniz)(2/5) | S13: Montagem e Manut. (Geycy) (Lab. 3 - Info) | T13: Des. de sistema (Leonardo Humberto) (Lab. 1 - Info) | U13: Física (Rafael) (1/16) | V13: Filosofia (Lucas Fernando) (1/17) | X13: Mineralogia (Elza) (1/4) | Z13: Matemática (Frederico)(1/5)
B14: 16:10 - 17:00 | C14: História (Crhistophe)(2/1) | D14: Matemática (Fabiano) (2/2) | E14: Biologia (Marinalva / Vanessa Santana)(1/6) | F14: Geografia (Márcia Martins) (1/7) | G14: Matemática (Nilsa) (1/12) | J14: Geografia (Tiago Caminha) (2/3) | K14: Biologia (Érica)(2/4) | L14: Língua Estrangeira (Carla/Luana) (CELIN 1) | M14: Língua Estrangeira (Thaís Rios/Luana) (CELIN 2) | N14: Filosofia (Admilson) (2/6) | O14: Cult. Perenes e Fruticultura (Leandro) (Agricult. III) | Q14: Educação Física (Jairo) | R14: Química (Juliana Diniz)(2/5) | S14: Montagem e Manut. (Geycy) (Lab. 3 - Info) | T14: Des. de sistema (Leonardo Humberto) (Lab. 1 - Info) | U14: Física (Rafael) (1/16) | V14: Filosofia (Lucas Fernando) (1/17) | X14: Mineralogia (Elza) (1/4) | Z14: Matemática (Frederico)(1/5)
B15: 17:00 - 17:50
B16: 18:10 - 19:00
A17: DIA | B17: HORÁRIO | C17: 1º ANO A - Agroindústria | D17: 1º ANO B - Agroindústria | E17: 2º ANO A - Agroindústria | F17: 2º ANO B - Agroindústria | G17: 3º ANO A - Agroindústria | H17: 3º ANO B - Agroindústria | J17: 1º ANO A - Agropecuária | K17: 1º ANO B - Agropecuária | L17: 2º ANO A - Agropecuária | M17: 2º ANO B - Agropecuária | N17: 3º ANO A - Agropecuária | O17: 3º ANO B - Agropecuária | Q17: 1º ANO A - Informática | R17: 1º ANO B - Informática | S17: 2º ANO A - Informática | T17: 2º ANO B - Informática | U17: 3º ANO A - Informática | V17: 3º ANO B - Informática | X17: 1º ANO - Química | Z17: 1º ANO - Meio Ambiente
A18: TERÇA-FEIRA | B18: 07:20 - 08:10 | C18: Ciência e Tecnologia de Produtos de Origem Vegetal (Andreia) (Agroin. 2) | D18: Filosofia (Lucas Fernando) (2/2) | E18: Laboratório II(Anál. sensorial e Anál. F.Q) (Daniela) (Sl. Análise Sensorial) | F18: Química (Cristiane)(1/7) | G18: Anál. de Alim. (Alexandre) (Lab. Bromatologia) | H18: Geografia (Tiago Caminha)(1/13) | J18: Biologia (Érica) (2/3) | K18: Agricultura Geral e Olericultura (Cani) (3/11) | L18: Língua Portuguesa (Luana)(1/8) | M18: Sociologia (Patrícia Lima) (1/9) | N18: Geografia (Márcia Martins)(1/14) | O18: Produção de Ruminantes (Sérgio) (Zoo III) | Q18: Software (Patrícia Lucas) (2/4) | R18: Educação Física (Jairo) | S18: Anál. e Proj. de sist. (Danielle Miranda) (Lab. 4 - Info) | T18: Des. de sistema (Leonardo Humberto) (Lab. 1 - Info) | U18: Matemática (Nilsa) (1/16) | V18: História (Renata) (1/17) | X18: Matemática (Eilson Santiago)(1/4) | Z18: Matemática (Frederico) (1/5)
B19: 08:10 - 09:00 | C19: Ciência e Tecnologia de Produtos de Origem Vegetal (Andreia) (Agroin. 2) | D19: Matemática (Fabiano) (2/2) | E19: Laboratório II(Anál. sensorial e Anál. F.Q) (Daniela) (Sl. Análise Sensorial) | F19: Química (Cristiane) (1/7) | G19: Anál. de Alim. (Alexandre) (Lab. Bromatologia) | H19: Geografia (Tiago Caminha)(1/13) | J19: Biologia (Érica) (2/3) | K19: Agricultura Geral e Olericultura (Cani) (3/11) | L19: Língua Portuguesa (Luana)(1/8) | M19: Sociologia (Patrícia Lima) (1/9) | N19: Geografia (Márcia Martins)(1/14) | O19: Produção de Ruminantes (Sérgio) (Zoo III) | Q19: Software (Patrícia Lucas) (2/4) | R19: Educação Física (Jairo) | S19: Anál. e Proj. de sist. (Danielle Miranda) (Lab. 4 - Info) | T19: Des. de sistema (Leonardo Humberto) (Lab. 1 - Info) | U19: Biologia (Rosi) (1/16) | V19: Matemática (Nilsa) (1/17) | X19: Matemática (Eilson Santiago)(1/4) | Z19: Matemática (Frederico) (1/5)
B20: INTERVALO
B21: 09:20 - 10:10 | C21: Ciência e Tecnologia de Produtos de Origem Vegetal (Andreia) (Agroin. 2) | D21: Língua Portuguesa (Ana Clara) (2/2) | E21: Ciência e Tecnologia de Produtos de Origem animal (Ramon) (Agroin. 1) | F21: Laboratório II(Anál. sensorial e Anál. F.Q) (Daniela) (Sl. Análise Sensorial) | G21: Anál. de Alim. (Alexandre) (Lab. Bromatologia) | H21: História (Renata) (1/13) | J21: Líng. espanhola (Luana) (2/3) | K21: Agricultura Geral e Olericultura (Cani) (3/11) | L21: Geografia (Márcia Martins)(1/8) | M21: Produção de Monogástricos (Fernando Matos) (Zoo II) | N21: Cult. Perenes e Fruticultura (Leandro) (Agricult. III) | O21: Produção de Ruminantes (Sérgio) (Zoo III) | R21: Software (Patrícia Lucas) (2/6) | S21: Des. de sistema (Leonardo Humberto) (Lab. 1 - Info) | T21: Anál. e Proj. de sist. (Danielle Miranda) (Lab. 4 - Info) | U21: Biologia (Rosi) (1/16) | V21: Matemática (Nilsa)(1/17) | X21: Laboratório em Química (Luiz Fernando /Elza) | Z21: Microbiologia Ambiental (Érica)
B22: 10:10 - 11:00 | C22: Gestão da qualidade (Bruna Porto)(2/1) | D22: Geografia (Tiago Caminha) (2/2) | E22: Ciência e Tecnologia de Produtos de Origem animal (Ramon) (Agroin. 1) | F22: Laboratório II(Anál. sensorial e Anál. F.Q) (Daniela) (Sl. Análise Sensorial) | G22: Língua Estrangeira (Carla/André Canela) (CELIN 1) | H22: Língua Estrangeira (Thaís Rios/André Canela) (CELIN 3) | J22: História (Renata) (2/3) | K22: Agricultura Geral e Olericultura (Cani) (3/11) | L22: Biologia (Lays)(1/8) | M22: Produção de Monogástricos (Fernando Matos) (Zoo II) | N22: Cult. Perenes e Fruticultura (Leandro) (Agricult. III) | O22: Produção de Ruminantes (Sérgio) (Zoo III) | Q22: Biologia (Érica) (2/4) | R22: Software (Patrícia Lucas) (2/6) | S22: Des. de sistema (Leonardo Humberto) (Lab. 1 - Info) | T22: Anál. e Proj. de sist. (Danielle Miranda) (Lab. 4 - Info) | V22: Língua Portuguesa (Ana Clara) (1/17) | X22: Laboratório em Química (Luiz Fernando /Elza) | Z22: Língua Portuguesa (Willian Fernandes)(1/5)
B23: 11:00 - 11:50 | C23: Filosofia (Lucas Fernando)(2/1) | D23: Geografia (Tiago Caminha) (2/2) | E23: Ciência e Tecnologia de Produtos de Origem animal (Ramon) (Agroin. 1) | F23: Literatura (Wesley) (1/7) | G23: Língua Estrangeira (Carla/André Canela) (CELIN 1) | H23: Língua Estrangeira (Thaís Rios/André Canela) (CELIN 3) | J23: História (Renata) (2/3) | K23: Língua Espanhola (Luana) (2/6) | L23: Biologia (Lays)(1/8) | M23: Geografia (Márcia Martins)(1/9) | N23: Matemática (Nilsa) (1/14) | O23: Biologia (Érica)(1/15) | S23: Matemática (Aldemi) (1/10) | T23: Língua Portuguesa (Patrícia Ramires) (1/11) | V23: Língua Portuguesa (Ana Clara) (1/17) | X23: Laboratório em Química (Luiz Fernando /Elza) | Z23: Língua Portuguesa (Willian Fernandes)(1/5)
B24: ALMOÇO
B25: 13:20 - 14:10 | C25: Ciência e Tecnologia de Produtos de Origem Vegetal (Márcia Antunes) (Agroin. 2) | D25: Educação Física (Jairo) | E25: Língua Portuguesa (Patrícia Ramires) (1/6) | F25: Ciência e Tecnologia de Produtos de Origem animal (Ramon) (Agroin. 1) | G25: Geografia (Márcia Martins) (1/12) | H25: Anál. de Alim. (Alexandre) (Lab. Bromatologia) | J25: Desenvolv. Ext. Rural (Márlio)(2/3) | K25: Geografia (Tiago Caminha) (2/3) | L25: Matemática (Eilson Santiago) (1/8) | M25: Ed. Física (Gera Jr.) | N25: Língua Estrangeira (Carla/André Canela) (CELIN 1) | O25: Língua Estrangeira (Thaís Rios/André Canela) (CELIN 3) | Q25: Algorítmos (Alison Zille) (Lab. 3 - Info) | R25: História (Bergston) (2/5) | S25: Literatura (Wesley) (1/10) | T25: Matemática (Aldemi) (1/11) | U25: Desenvolv. WEB (Arthur) (Lab. 1 - Info) | X25: Filosofia (Lucas Fernando)(1/4)
B26: 14:10 - 15:00 | C26: Ciência e Tecnologia de Produtos de Origem Vegetal (Márcia Antunes) (Agroin. 2) | D26: Educação Física (Jairo) | E26: Literatura (Wesley) (1/6) | F26: Ciência e Tecnologia de Produtos de Origem animal (Ramon) (Agroin. 1) | G26: Geografia (Márcia Martins) (1/12) | H26: Anál. de Alim. (Alexandre) (Lab. Bromatologia) | J26: Desenvolv. Ext. Rural (Márlio)(2/3) | K26: Geografia (Tiago Caminha) (2/3) | L26: Matemática (Eilson Santiago) (1/8) | M26: Ed. Física (Gera Jr.) | N26: Língua Estrangeira (Carla/André Canela) (CELIN 1) | O26: Língua Estrangeira (Thaís Rios/André Canela) (CELIN 3) | Q26: Algorítmos (Alison Zille) (Lab. 3 - Info) | R26: História (Bergston) (2/5) | S26: Língua Portuguesa (Patrícia Ramires) (1/10) | T26: Matemática (Aldemi) (1/11) | U26: Desenvolv. WEB (Arthur) (Lab. 1 - Info) | V26: Arte (Jamerson Rezende) | X26: Língua Portuguesa (Willian Fernandes)(1/4)
B27: INTERVALO
B28: 15:20 - 16:10 | C28: Ciência e Tecnologia de Produtos de Origem Vegetal (Márcia Antunes) (Agroin. 2) | D28: Matemática e Português para o Cotidiano (Roberta, Fabiano, Evelyn) (2/2) | E28: Ciência da Natureza (Isis, Aline, Marinalva, Clayton) (Sl. Análise Sensorial) | F28: Ciência e Tecnologia de Produtos de Origem animal (Ramon) (Agroin. 1) | G28: Filosofia (Admilson)(2/6) | H28: Anál. de Alim. (Alexandre) (Lab. Bromatologia) | J28: Educação Física (Jairo) | K28: Literatura (Wesley)(2/3) | L28: Produção de Monogástricos (Fernando Matos) (Zoo II) | M28: Biologia (Lays) (1/9) | N28: Língua Portuguesa (Willian Fernandes) (1/14) | O28: Geografia (Tiago Caminha)(1/15) | Q28: História (Bergston) (2/4) | R28: Algorítmos (Alison Zille) (Lab. 3 - Info) | S28: Fundamentos do Design e Webdesign (Jamerson Rezende) (Lab. 4 - Info) | T28: Geografia (Márcia Martins) (1/11) | U28: Língua estrangeira (Carla/André Canela) (CELIN 1) | V28: Desenvolv. WEB (Arthur) (Lab. 1 - Info) | X28: Estatística Aplicada (Rodrigo Freitas) (1/4) | Z28: Introdução ao Estudo do Meio Ambiente (Jane Bruna, Vinícius)(1/5)
B29: 16:10 - 17:00 | C29: Matemática e Português para o Cotidiano (Roberta, Fabiano, Evelyn) (2/1) | D29: Física (Rafael) (2/2) | E29: Matemática (Aldemi) (1/6) | F29: Ciência da Natureza (Isis, Aline, Marinalva, Clayton) (Sl. Análise Sensorial) | G29: Matemática (Nilsa) (1/12) | H29: Filosofia (Admilson)(2/6) | J29: Educação Física (Jairo) | K29: Literatura (Wesley)(2/3) | L29: Produção de Monogástricos (Fernando Matos) (Zoo II) | M29: Biologia (Lays) (1/9) | N29: Língua Portuguesa (Willian Fernandes) (1/14) | O29: Geografia (Tiago Caminha)(1/15) | Q29: História (Bergston) (2/4) | R29: Algorítmos (Alison Zille) (Lab. 3 - Info) | S29: Fundamentos do Design e Webdesign (Jamerson Rezende) (Lab. 4 - Info) | T29: Geografia (Márcia Martins) (1/11) | U29: Língua estrangeira (Carla/André Canela) (CELIN 1) | V29: Desenvolv. WEB (Arthur) (Lab. 1 - Info) | X29: História (Renata) (1/4) | Z29: Introdução ao Estudo do Meio Ambiente (Jane Bruna, Vinícius)(1/5)
B30: 17:00 - 17:50
B31: 18:10 - 19:00
A32: DIA | B32: HORÁRIO | C32: 1º ANO A - Agroindústria | D32: 1º ANO B - Agroindústria | E32: 2º ANO A - Agroindústria | F32: 2º ANO B - Agroindústria | G32: 3º ANO A - Agroindústria | H32: 3º ANO B - Agroindústria | J32: 1º ANO A - Agropecuária | K32: 1º ANO B - Agropecuária | L32: 2º ANO A - Agropecuária | M32: 2º ANO B - Agropecuária | N32: 3º ANO A - Agropecuária | O32: 3º ANO B - Agropecuária | Q32: 1º ANO A - Informática | R32: 1º ANO B - Informática | S32: 2º ANO A - Informática | T32: 2º ANO B - Informática | U32: 3º ANO A - Informática | V32: 3º ANO B - Informática | X32: 1º ANO - Química | Z32: 1º ANO - Meio Ambiente
A33: QUARTA-FEIRA | B33: 07:20 - 08:10 | C33: Língua Portuguesa (Ana Clara) (2/1) | D33: Ciência e Tecnologia de Produtos de Origem Vegetal (Márcia Antunes) (Agroin. 2) | E33: Química (Cristiane)(1/6) | F33: Sociologia (Márlio)(1/7) | G33: Anál. Sensorial (Daniela) (Sl. Análise Sensorial) | H33: Tecnologia de Leite (Ramon) (Agroin. 1) | J33: Zootecnia Geral e Pequenas Criações (Paulo Eduardo) (Zoo I) | K33: Química (Luiz Fernando)(2/3) | L33: Máquinas Agrícolas (Cani) (Agricult. I) | M33: Matemática (Eilson Santiago) (1/9) | N33: Construções Rurais e Ambiência (Leandro / Rodrigo Nogueira) (Sala de Topografia) | O33: Matemática (Viviane)(1/15) | Q33: Língua Portuguesa (Mayara) (2/4) | R33: Matemática (Kélcio)(2/5) | S33: Química (Aline) (1/10) | T33: Língua Portuguesa (Patrícia Ramires) (1/11) | U33: Redes de comput. (Jamerson Jardel) (Lab. Redes) | V33: Geografia (Márcia Martins)(1/17) | X33: Química Geral e Inorgânica (Willian Andrade)(1/4) | Z33: Geografia (Tiago Caminha)(1/5)
B34: 08:10 - 09:00 | C34: Língua Portuguesa (Ana Clara) (2/1) | D34: Ciência e Tecnologia de Produtos de Origem Vegetal (Márcia Antunes) (Agroin. 2) | E34: Química (Cristiane)(1/6) | F34: Sociologia (Márlio)(1/7) | G34: Anál. Sensorial (Daniela) (Sl. Análise Sensorial) | H34: Tecnologia de Leite (Ramon) (Agroin. 1) | J34: Zootecnia Geral e Pequenas Criações (Paulo Eduardo) (Zoo I) | K34: Química (Luiz Fernando)(2/3) | L34: Máquinas Agrícolas (Cani) (Agricult. I) | M34: Matemática (Eilson Santiago) (1/9) | N34: Construções Rurais e Ambiência (Leandro / Rodrigo Nogueira) (Sala de Topografia) | O34: Física (Clayton) (1/15) | Q34: Língua Portuguesa (Mayara) (2/4) | R34: Matemática (Kélcio)(2/5) | S34: Química (Aline) (1/10) | T34: Biologia (Lays) (1/11) | U34: Redes de comput. (Jamerson Jardel) (Lab. Redes) | V34: Geografia (Márcia Martins)(1/17) | X34: Química Geral e Inorgânica (Willian Andrade)(1/4) | Z34: Geografia (Tiago Caminha)(1/5)
B35: INTERVALO
B36: 09:20 - 10:10 | C36: Literatura (Mayara)(2/1) | D36: Língua Portuguesa (Ana Clara) (2/2) | E36: Sociologia (Márlio) (1/6) | F36: História (Rosana) (1/7) | G36: Tecnologia de Leite (Ramon) (Agroin. 1) | H36: Anál. Sensorial (Daniela) (Sl. Análise Sensorial) | J36: Língua Portuguesa (Cláudia) (2/3) | K36: Zootecnia Geral e Pequenas Criações (Paulo Eduardo) (Zoo I) | L36: Matemática (Eilson Santiago) (1/8) | M36: Física (Clayton) (1/9) | N36: Matemática (Nilsa) (1/14) | O36: Construções Rurais e Ambiência (Leandro / Rodrigo Nogueira) (Sala de Topografia) | Q36: Literatura (Wesley) (2/4) | S36: Língua Portuguesa (Patrícia Ramires) (1/10) | T36: Biologia (Lays) (1/11) | U36: Geografia (Márcia Martins)(1/16) | V36: Redes de comput. (Jamerson Jardel) (Lab. Redes) | X36: Projeto Integrador I - Química e Sociedade (Cristiane/Lucas Fernando)(1/4) | Z36: Língua Inglesa (Adailton)(1/5)
B37: 10:10 - 11:00 | C37: Geografia (Tiago Caminha)(2/1) | D37: Língua Portuguesa (Ana Clara) (2/2) | E37: Sociologia (Márlio) (1/6) | F37: Língua Portuguesa (Patrícia Ramires) (1/7) | G37: Tecnologia de Leite (Ramon) (Agroin. 1) | H37: Anál. Sensorial (Daniela) (Sl. Análise Sensorial) | J37: Química (Luiz Fernando) (2/3) | K37: Zootecnia Geral e Pequenas Criações (Paulo Eduardo) (Zoo I) | L37: História (Rosana) (1/8) | M37: Física (Clayton) (1/9) | N37: Matemática (Nilsa) (1/14) | O37: Construções Rurais e Ambiência (Leandro / Rodrigo Nogueira) (Sala de Topografia) | Q37: Literatura (Wesley) (2/4) | R37: Língua Portuguesa (Mayara) (2/5) | S37: Biologia (Lays) (1/10) | T37: Química (Aline) (1/11) | U37: Geografia (Márcia Martins)(1/16) | V37: Redes de comput. (Jamerson Jardel) (Lab. Redes) | X37: Língua Inglesa (Adailton)(1/4) | Z37: Química (Willian Andrade)(1/5)
B38: 11:00 - 11:50 | C38: Geografia (Tiago Caminha)(2/1) | D38: Ciência e Tecnologia de Produtos de Origem Vegetal (Márcia Antunes) (Agroin. 2) | E38: Língua Portuguesa (Patrícia Ramires) (1/6) | F38: Matemática (Aldemi) (1/7) | G38: Sociologia (Patrícia Lima) (1/12) | H38: Matemática (Nilsa) (1/13) | J38: Química (Luiz Fernando) (2/3) | K38: Língua Portuguesa (Cláudia) (2/4) | L38: História (Rosana) (1/8) | M38: Literatura (Wesley) (1/9) | N38: Física (Clayton) (1/14) | O38: Matemática (Viviane)(1/15) | Q38: Língua Inglesa (Adailton) (2/4) | R38: Língua Portuguesa (Mayara) (2/5) | S38: Biologia (Lays) (1/10) | T38: Química (Aline) (1/11) | U38: Língua Portuguesa (Ana Clara) (1/16) | V38: Redes de comput. (Jamerson Jardel) (Lab. Redes) | X38: Língua Portuguesa (Willian Fernandes)(1/4) | Z38: Química (Willian Andrade)(1/5)
B39: ALMOÇO
B40: 13:20 - 14:10
B41: 14:10 - 15:00
B42: INTERVALO
B43: 15:20 - 16:10
B44: 16:10 - 17:00
B45: 17:00 - 17:50
B46: 18:10 - 19:00
A47: DIA | B47: HORÁRIO | C47: 1º ANO A - Agroindústria | D47: 1º ANO B - Agroindústria | E47: 2º ANO A - Agroindústria | F47: 2º ANO B - Agroindústria | G47: 3º ANO A - Agroindústria | H47: 3º ANO B - Agroindústria | J47: 1º ANO A - Agropecuária | K47: 1º ANO B - Agropecuária | L47: 2º ANO A - Agropecuária | M47: 2º ANO B - Agropecuária | N47: 3º ANO A - Agropecuária | O47: 3º ANO B - Agropecuária | Q47: 1º ANO A - Informática | R47: 1º ANO B - Informática | S47: 2º ANO A - Informática | T47: 2º ANO B - Informática | U47: 3º ANO A - Informática | V47: 3º ANO B - Informática | X47: 1º ANO - Química | Z47: 1º ANO - Meio Ambiente
A48: QUINTA-FEIRA | B48: 07:20 - 08:10 | C48: Artes (Jamerson Rezende) (2/1) | D48: Língua Inglêsa (Adailton) (2/2) | E48: Ciência e Tecnologia de Produtos de Origem animal (Juliana Zara) (Agroin. 1) | F48: Física (Clayton)(1/7) | G48: Química (Juliana Diniz) (1/12) | H48: Gestão Agroindustrial (Felipe Ferres) (1/13) | J48: Língua Portuguesa (Cláudia) (2/3) | K48: Matemática (Marco Aurélio) (2/4) | L48: Culturas Anuais e Forragicultura (Leandro) (Agricult. II) | M48: Máquinas Agrícolas (Cani) (Agricult. I) | N48: Produção de Ruminantes (Sérgio) (Zoo III) | O48: História (Crhistophe) (1/15) | Q48: Algorítmos (Alison Zille) (Lab. 3 - Info) | R48: Literatura (Wesley) (2/5) | S48: Língua Portuguesa (Patrícia Ramires) (1/10) | T48: Física (Poliana) (1/11) | U48: Língua Portuguesa (Ana Clara) (1/16) | V48: Educação Física (Fabiene) | X48: Literatura (Evelyn)(1/4) | Z48: Solos e Recuperação de Áreas Degradadas (Alessandro)(1/5)
B49: 08:10 - 09:00 | C49: Laboratório I (Microbiologia) (Roberta) (Agroin. 2) | D49: Gestão da qualidade (Bruna Porto)(2/2) | E49: Ciência e Tecnologia de Produtos de Origem animal (Juliana Zara) (Agroin. 1) | F49: Matemática (Aldemi)(1/7) | G49: Química (Juliana Diniz) (1/12) | H49: Gestão Agroindustrial (Felipe Ferres) (1/13) | J49: Língua Portuguesa (Cláudia) (2/3) | K49: Matemática (Marco Aurélio) (2/4) | L49: Culturas Anuais e Forragicultura (Leandro) (Agricult. II) | M49: Máquinas Agrícolas (Cani) (Agricult. I) | N49: Produção de Ruminantes (Sérgio) (Zoo III) | O49: História (Crhistophe) (1/15) | Q49: Algorítmos (Alison Zille) (Lab. 3 - Info) | R49: Literatura (Wesley) (2/5) | S49: História (Rosana) (1/10) | T49: Física (Poliana) (1/11) | U49: Língua Portuguesa (Ana Clara) (1/16) | V49: Educação Física (Fabiene) | X49: Arte (Jamerson Rezende) (1/4) | Z49: Solos e Recuperação de Áreas Degradadas (Alessandro)(1/5)
B50: INTERVALO
B51: 09:20 - 10:10 | C51: Laboratório I (Microbiologia) (Roberta) (Agroin. 2) | D51: Ciência e Tecnologia de Produtos de Origem Vegetal (Andreia) (Sl. Análise Sensorial) | E51: Ciência e Tecnologia de Produtos de Origem animal (Juliana Zara) (Agroin. 1) | F51: Matemática (Aldemi)(1/7) | G51: Gestão Agroindustrial (Felipe Ferres) (1/12) | H51: Química (Juliana Diniz) (1/13) | J51: Língua Inglêsa (Adailton) (CELIN 1) | K51: Física (Poliana) (2/2) | L51: Produção de Monogástricos (Fernando Matos) (Zoo II) | M51: Culturas Anuais e Forragicultura (Leandro) (Agricult. II) | N51: Produção de Ruminantes (Sérgio) (Zoo III) | O51: Sociologia (Patrícia Lima) (1/15) | Q51: Artes (Jamerson Rezende) (2/5) | R51: Algorítmos (Alison Zille) (Lab. 3 - Info) | S51: História (Rosana) (1/10) | T51: Língua Portuguesa (Patrícia Ramires) (1/11) | U51: Educação Física (Fabiene) | V51: Língua Portuguesa (Ana Clara)(1/17) | X51: Matemática (Eilson Santiago)(1/4) | Z51: Língua Portuguesa (Willian Fernandes)(1/5)
B52: 10:10 - 11:00 | C52: Laboratório I (Microbiologia) (Roberta) (Agroin. 2) | D52: Ciência e Tecnologia de Produtos de Origem Vegetal (Andreia) (Sl. Análise Sensorial) | E52: Matemática (Aldemi)(1/6) | F52: Língua Portuguesa (Patrícia Ramires)(1/7) | G52: Gestão Agroindustrial (Felipe Ferres) (1/12) | H52: Química (Juliana Diniz) (1/13) | J52: Matemática (Marco Aurélio) (2/3) | K52: Física (Poliana) (2/2) | L52: Produção de Monogástricos (Fernando Matos) (Zoo II) | M52: Culturas Anuais e Forragicultura (Leandro) (Agricult. II) | N52: Produção de Ruminantes (Sérgio) (Zoo III) | O52: Língua Portuguesa (Willian Fernandes) (1/15) | Q52: Biologia (Érica) (2/4) | R52: Algorítmos (Alison Zille) (Lab. 3 - Info) | S52: Língua Estrangeira (Thaís Rios) (CELIN 3) | T52: História (Rosana) (1/11) | U52: Educação Física (Fabiene) | V52: Língua estrangeira (Carla)(1/17) | X52: Matemática (Eilson Santiago)(1/4) | Z52: Arte (Jamerson Rezende) (1/5)
B53: 11:00 - 11:50 | C53: Língua Portuguesa (Ana Clara) (2/1) | D53: Ciência e Tecnologia de Produtos de Origem Vegetal (Andreia) (Sl. Análise Sensorial) | E53: Matemática (Aldemi)(1/6) | F53: Nutrição (Jean) (1/7) | G53: Física (Rafael) (1/12) | H53: Língua Portuguesa (Cláudia) (1/13) | J53: Matemática (Marco Aurélio) (2/3) | K53: Língua Inglêsa (Adailton) (2/2) | L53: Literatura (Wesley)(1/8) | M53: Matemática (Eilson Santiago) (1/9) | N53: Física (Clayton) (1/14) | O53: Língua Portuguesa (Willian Fernandes) (1/15) | Q53: Matemática (Kélcio) (2/5) | R53: Artes (Jamerson Rezende) (2/5) | S53: Língua Estrangeira (Thaís Rios) (CELIN 3) | T53: História (Rosana) (1/11) | U53: Sociologia (Patrícia Lima) (1/16) | V53: Língua estrangeira (Carla)(1/17) | X53: Literatura (Evelyn)(1/4) | Z53: História (Crhistophe) (1/5)
B54: ALMOÇO
B55: 13:20 - 14:10 | C55: Física (Rafael) (2/1) | D55: Laboratório I (Microbiologia) (Roberta) (Agroin. 2) | E55: Nutrição (Jean) (1/6) | F55: Ciência e Tecnologia de Produtos de Origem animal (Juliana Zara) (Agroin. 1) | G55: Língua Portuguesa (Cláudia) (1/12) | H55: Literatura (Mayara)(1/13) | J55: Física (Rodrigo Freitas) (2/3) | K55: Desenvolv. Ext. Rural (Patrícia Lima) (2/2) | L55: Proc. Agroindústria (Edilson) (1/8) | M55: Química (Elza) (1/9) | N55: Educação Física (Fabiene) | O55: Cult. Perenes e Fruticultura (Leandro) (Agricult. III) | Q55: Inglês Instrumental (Adailton)(2/4) | R55: Matemática (Kélcio) (2/5) | S55: Educação Física (Gera Jr.) | T55: Literatura (Wesley) (1/11) | U55: Administração (Felipe Ferres)(1/16) | V55: Desenvolv. WEB (Arthur) (Lab. 1 - Info) | X55: História (Renata) (1/4) | Z55: Fundamentos de medidas (Poliana) (1/5)
B56: 14:10 - 15:00 | C56: Física (Rafael) (2/1) | D56: Laboratório I (Microbiologia) (Roberta) (Agroin. 2) | E56: Língua Portuguesa (Patrícia Ramires)(1/6) | F56: Ciência e Tecnologia de Produtos de Origem animal (Juliana Zara) (Agroin. 1) | G56: Literatura (Mayara)(1/12) | H56: História (Renata) (1/13) | J56: Física (Rodrigo Freitas) (2/3) | K56: Desenvolv. Ext. Rural (Patrícia Lima) (2/2) | L56: Proc. Agroindústria (Edilson) (1/8) | M56: Química (Elza) (1/9) | N56: Educação Física (Fabiene) | O56: Cult. Perenes e Fruticultura (Leandro) (Agricult. III) | Q56: Inglês Instrumental (Adailton)(2/4) | R56: Matemática (Kélcio) (2/5) | S56: Educação Física (Gera Jr.) | T56: Matemática (Aldemi) (1/11) | U56: Administração (Felipe Ferres)(1/16) | V56: Desenvolv. WEB (Arthur) (Lab. 1 - Info) | X56: Língua Portuguesa (Willian Fernandes) (1/4) | Z56: Fundamentos de medidas (Poliana) (1/5)
B57: INTERVALO
B58: 15:20 - 16:10 | C58: Ciência da Natureza (Juliana Diniz, Lays, Poliana, Andreia) (2/1) | D58: Laboratório I (Microbiologia) (Roberta) (Agroin. 2) | E58: História (Rosana)(1/6) | F58: Ciência e Tecnologia de Produtos de Origem animal (Juliana Zara) (Agroin. 1) | G58: Física (Rafael) (1/12) | H58: Educação Física (Fabiene) | J58: Literatura (Evelyn) (2/3) | K58: Língua Portuguesa (Cláudia) (2/2) | L58: Química (Elza) (1/8) | M58: Produção de Monogástricos (Fernando Matos) (Zoo II) | N58: Língua Portuguesa (Willian Fernandes) (1/14) | O58: Gestão Agropecuária (Felipe Ferres) (1/15) | Q58: Física (Jéssica) (2/4) | R58: Língua Inglesa (Adailton) (2/5) | S58: Matemática (Aldemi) (1/10) | T58: Língua Estrangeira (Thaís Rios) (CELIN 3) | U58: Desenvolv. WEB (Arthur) (Lab. 1 - Info) | V58: Sociologia (Patrícia Lima) (1/17) | X58: Física (Clayton)(1/4) | Z58: Microbiologia Ambiental (Érica) (1/5)
B59: 16:10 - 17:00 | C59: Biologia (Érica)(2/1) | D59: Ciência da Natureza (Juliana Diniz, Lays, Poliana, Andreia) (Agroin. 2) | E59: História (Rosana)(1/6) | F59: Língua Portuguesa (Patrícia Ramires) (1/11) | H59: Educação Física (Fabiene) | J59: Literatura (Evelyn) (2/3) | K59: Língua Portuguesa (Cláudia) (2/2) | L59: Química (Elza) (1/8) | M59: Produção de Monogástricos (Fernando Matos) (Zoo II) | N59: Sociologia (Patrícia Lima) | O59: Língua Portuguesa (Willian Fernandes) (1/15) | Q59: Matemática (Kélcio)(2/4) | R59: Física (Jéssica) (2/5) | S59: Matemática (Aldemi) (1/10) | T59: Língua Estrangeira (Thaís Rios) (CELIN 3) | U59: Desenvolv. WEB (Arthur) (Lab. 1 - Info) | V59: Administração (Felipe Ferres)(1/17) | X59: Física (Clayton) (1/4) | Z59: Física (Rafael)(1/5)
B60: 17:00 - 17:50
B61: 18:10 - 19:00
A62: DIA | B62: HORÁRIO | C62: 1º ANO A - Agroindústria | D62: 1º ANO B - Agroindústria | E62: 2º ANO A - Agroindústria | F62: 2º ANO B - Agroindústria | G62: 3º ANO A - Agroindústria | H62: 3º ANO B - Agroindústria | J62: 1º ANO A - Agropecuária | K62: 1º ANO B - Agropecuária | L62: 2º ANO A - Agropecuária | M62: 2º ANO B - Agropecuária | N62: 3º ANO A - Agropecuária | O62: 3º ANO B - Agropecuária | Q62: 1º ANO A - Informática | R62: 1º ANO B - Informática | S62: 2º ANO A - Informática | T62: 2º ANO B - Informática | U62: 3º ANO A - Informática | V62: 3º ANO B - Informática | X62: 1º ANO - Química | Z62: 1º ANO - Meio Ambiente
A63: SEXTA-FEIRA | B63: 07:20 - 08:10 | C63: Língua Inglêsa (Adailton) (2/1) | D63: Matemática (Fabiano) (2/2) | E63: Ed. Física (Gera Jr.) | F63: Física (Clayton)(1/7) | G63: Língua Portuguesa (Cláudia) (1/12) | H63: Biologia (Marinalva) (1/13) | J63: Matemática (Marco Aurélio) (2/3) | K63: Zootecnia Geral e Pequenas Criações (Paulo Eduardo) (Zoo I) | L63: Língua Portuguesa (Luana)(1/8) | M63: História (Rosana) (1/9) | N63: Gestão Agropecuária (Felipe Ferres) (1/14) | O63: Educação Física (Fabiene) | Q63: Língua Portuguesa (Mayara)(2/4) | R63: Física (Jéssica) (2/5) | S63: Banco de dados (Danielle Miranda) (Lab. 4 - Info) | T63: Fundamentos do Design e Webdesign (Jamerson Rezende) (Lab. 1 - Info) | U63: Química (Bruno) (1/16) | V63: Redes de comput. (Jamerson Jardel) (Lab. Redes) | X63: Química Geral e Inorgânica (Willian Andrade)(1/4) | Z63: Educação Física (Jairo)(1/5)
B64: 08:10 - 09:00 | C64: Literatura (Mayara)(2/1) | D64: Língua Espanhola (Luana) (2/2) | E64: Ed. Física (Gera Jr.) | G64: Língua Portuguesa (Cláudia) (1/12) | H64: Biologia (Marinalva) (1/13) | J64: Matemática (Marco Aurélio) (2/3) | K64: Zootecnia Geral e Pequenas Criações (Paulo Eduardo) (Zoo I) | L64: Física (Clayton)(1/8) | M64: História (Rosana) (1/9) | N64: Gestão Agropecuária (Felipe Ferres) (1/14) | O64: Educação Física (Fabiene) | Q64: Física (Jéssica) (2/4) | R64: Inglês Instrumental (Adailton) (2/5) | S64: Banco de dados (Danielle Miranda) (Lab. 4 - Info) | T64: Fundamentos do Design e Webdesign (Jamerson Rezende) (Lab. 1 - Info) | U64: Química (Bruno) (1/16) | V64: Redes de comput. (Jamerson Jardel) (Lab. Redes) | X64: Química Geral e Inorgânica (Willian Andrade)(1/4) | Z64: Educação Física (Jairo)(1/5)
B65: INTERVALO
B66: 09:20 - 10:10 | C66: Matemática (Fabiano) (2/1) | D66: Literatura (Mayara)(2/2) | E66: Física (Rodrigo Freitas) (1/6) | F66: História (Rosana)(1/7) | G66: Educação Física (Fabiene) | H66: Língua Portuguesa (Cláudia) (1/13) | J66: Zootecnia Geral e Pequenas Criações (Paulo Eduardo) (Zoo I) | K66: Arte (Jamerson Rezende) (2/3) | L66: Física (Clayton)(1/8) | M66: Proc. Agroindústria (Edilson) (1/9) | N66: História (Crhistophe) (1/14) | O66: Gestão Agropecuária (Felipe Ferres) (1/15) | Q66: Matemática (Kélcio) (2/4) | R66: Inglês Instrumental (Adailton) (2/5) | S66: Física (Poliana) (1/10) | T66: Banco de dados (Danielle Miranda) (Lab. 4 - Info) | U66: Redes de comput. (Jamerson Jardel) (Lab. Redes) | V66: Química (Bruno) (1/17) | X66: Biologia (Érica)(1/4) | Z66: Literatura (Evelyn)(1/5)
B67: 10:10 - 11:00 | C67: Educação Física (Jairo) | D67: Artes (Jamerson Rezende)(2/2) | F67: Biologia (Marinalva)(1/7) | G67: Educação Física (Fabiene) | H67: Língua Portuguesa (Cláudia) (1/13) | J67: Zootecnia Geral e Pequenas Criações (Paulo Eduardo) (Zoo I) | K67: Matemática (Marco Aurélio) (2/3) | L67: Ed. Física (Gera Jr.) | M67: Proc. Agroindústria (Edilson) (1/9) | N67: História (Crhistophe) (1/14) | O67: Biologia (Érica) (1/15) | Q67: Matemática (Kélcio) (2/4) | R67: Língua Portuguesa (Mayara) (2/5) | S67: Física (Poliana) (1/10) | T67: Banco de dados (Danielle Miranda) (Lab. 4 - Info) | U67: Redes de comput. (Jamerson Jardel) (Lab. Redes) | V67: Química (Bruno) (1/17) | Z67: Literatura (Evelyn)(1/5)
B68: 11:00 - 11:50 | C68: Educação Física (Jairo) | D68: Literatura (Mayara)(2/2) | F68: Biologia (Marinalva)(1/7) | J68: Artes (Jamerson Rezende) (2/4) | K68: Matemática (Marco Aurélio) (2/3) | L68: Ed. Física (Gera Jr.) | M68: Língua Portuguesa (Luana)(1/9) | N68: Biologia (Érica) (1/14) | O68: Física (Clayton) (1/15) | U68: Redes de comput. (Jamerson Jardel) (Lab. Redes) | V68: Administração (Felipe Ferres)(1/17)
B69: ALMOÇO
B70: 13:20 - 14:10
B71: 14:10 - 15:00
B72: INTERVALO
B73: 15:20 - 16:10
B74: 16:10 - 17:00
B75: 17:00 - 17:50
B76: 18:10 - 19:00
A77: DIA | B77: HORÁRIO | C77: 1º ANO A - Agroindústria | D77: 1º ANO B - Agroindústria | E77: 2º ANO A - Agroindústria | F77: 2º ANO B - Agroindústria | G77: 3º ANO A - Agroindústria | H77: 3º ANO B - Agroindústria | J77: 1º ANO A - Agropecuária | K77: 1º ANO B - Agropecuária | L77: 2º ANO A - Agropecuária | M77: 2º ANO B - Agropecuária | N77: 3º ANO A - Agropecuária | O77: 3º ANO B - Agropecuária | Q77: 1º ANO A - Informática | R77: 1º ANO B - Informática | S77: 2º ANO A - Informática | T77: 2º ANO B - Informática | U77: 3º ANO A - Informática | V77: 3º ANO B - Informática | X77: 1º ANO - Química | Z77: 1º ANO - Meio Ambiente

Sheet Ensalamento - Geral
C1: (1/3) | J1: CH - Total
A2: # | B2: # | C2: HORÁRIO | D2: SEG | E2: TER | F2: QUA | G2: QUI | H2: SEX | J2: =(75-(COUNTIF(D5:H24,"Janela")))&" h/a" -> 4 h/a
D3: 3-16 | E3: 17-30 | F3: 31-44 | G3: 45-58 | H3: 59-72
D4: 3-22 | E4: 23-42 | F4: 43-62 | G4: 63-82 | H4: 83-102
A5: 15 | B5: 21 | C5: 07:20 - 08:10 | D5: =IF((COUNTIF('Horário - Graduação'!$C3:$AW3,"*"&$C$1&"*")+COUNTIF('Horário - Ensino Médio'!$C3:$Z3,"*"&$C$1&"*"))>1,CONCAT("[CHOQUE] - ",IFERROR(HLOOKUP("*"&$C$1&"*",'Horário - Graduação'!$C3:$AW$23,$B5,FALSE),IFERROR(HLOOKUP("*"&$C$1&"*",'Horário - Ensino Médio'!$C3:$Z$17,$A5,FALSE),"Janela"))),IFERROR(HLOOKUP("*"&$C$1&"*",'Horário - Graduação'!$C3:$AW$23,$B5,FALSE),IFERROR(HLOOKUP("*"&$C$1&"*",'Horário - Ensino Médio'!$C3:$Z$17,$A5,FALSE),"Janela"))) -> Janela | E5: =IF((COUNTIF('Horário - Graduação'!$C24:$AW24,"*"&$C$1&"*")+COUNTIF('Horário - Ensino Médio'!$C18:$Z18,"*"&$C$1&"*"))>1,CONCAT("[CHOQUE] - ",IFERROR(HLOOKUP("*"&$C$1&"*",'Horário - Graduação'!$C24:$AW$44,$B5,FALSE),IFERROR(HLOOKUP("*"&$C$1&"*",'Horário - Ensino Médio'!$C18:$Z$32,$A5,FALSE),"Janela"))),IFERROR(HLOOKUP("*"&$C$1&"*",'Horário - Graduação'!$C24:$AW$44,$B5,FALSE),IFERROR(HLOOKUP("*"&$C$1&"*",'Horário - Ensino Médio'!$C18:$Z$32,$A5,FALSE),"Janela"))) -> Janela | F5: =IF((COUNTIF('Horário - Graduação'!$C45:$AW45,"*"&$C$1&"*")+COUNTIF('Horário - Ensino Médio'!$C33:$Z33,"*"&$C$1&"*"))>1,CONCAT("[CHOQUE] - ",IFERROR(HLOOKUP("*"&$C$1&"*",'Horário - Graduação'!$C45:$AW$65,$B5,FALSE),IFERROR(HLOOKUP("*"&$C$1&"*",'Horário - Ensino Médio'!$C33:$Z$47,$A5,FALSE),"Janela"))),IFERROR(HLOOKUP("*"&$C$1&"*",'Horário - Graduação'!$C45:$AW$65,$B5,FALSE),IFERROR(HLOOKUP("*"&$C$1&"*",'Horário - Ensino Médio'!$C33:$Z$47,$A5,FALSE),"Janela"))) -> Janela | G5: =IF((COUNTIF('Horário - Graduação'!$C66:$AW66,"*"&$C$1&"*")+COUNTIF('Horário - Ensino Médio'!$C48:$Z48,"*"&$C$1&"*"))>1,CONCAT("[CHOQUE] - ",IFERROR(HLOOKUP("*"&$C$1&"*",'Horário - Graduação'!$C66:$AW$86,$B5,FALSE),IFERROR(HLOOKUP("*"&$C$1&"*",'Horário - Ensino Médio'!$C48:$Z$62,$A5,FALSE),"Janela"))),IFERROR(HLOOKUP("*"&$C$1&"*",'Horário - Graduação'!$C66:$AW$86,$B5,FALSE),IFERROR(HLOOKUP("*"&$C$1&"*",'Horário - Ensino Médio'!$C48:$Z$62,$A5,FALSE),"Janela"))) -> Janela | H5: =IF((COUNTIF('Horário - Graduação'!$C87:$AW87,"*"&$C$1&"*")+COUNTIF('Horário - Ensino Médio'!$C63:$Z63,"*"&$C$1&"*"))>1,CONCAT("[CHOQUE] - ",IFERROR(HLOOKUP("*"&$C$1&"*",'Horário - Graduação'!$C87:$AW$107,$B5,FALSE),IFERROR(HLOOKUP("*"&$C$1&"*",'Horário - Ensino Médio'!$C63:$Z$77,$A5,FALSE),"Janela"))),IFERROR(HLOOKUP("*"&$C$1&"*",'Horário - Graduação'!$C87:$AW$107,$B5,FALSE),IFERROR(HLOOKUP("*"&$C$1&"*",'Horário - Ensino Médio'!$C63:$Z$77,$A5,FALSE),"Janela"))) -> Janela
A6: 14 | B6: 20 | C6: 08:10 - 09:00 | D6: =IF((COUNTIF('Horário - Graduação'!$C4:$AW4,"*"&$C$1&"*")+COUNTIF('Horário - Ensino Médio'!$C4:$Z4,"*"&$C$1&"*"))>1,CONCAT("[CHOQUE] - ",IFERROR(HLOOKUP("*"&$C$1&"*",'Horário - Graduação'!$C4:$AW$23,$B6,FALSE),IFERROR(HLOOKUP("*"&$C$1&"*",'Horário - Ensino Médio'!$C4:$Z$17,$A6,FALSE),"Janela"))),IFERROR(HLOOKUP("*"&$C$1&"*",'Horário - Graduação'!$C4:$AW$23,$B6,FALSE),IFERROR(HLOOKUP("*"&$C$1&"*",'Horário - Ensino Médio'!$C4:$Z$17,$A6,FALSE),"Janela"))) -> Janela | E6: =IF((COUNTIF('Horário - Graduação'!$C25:$AW25,"*"&$C$1&"*")+COUNTIF('Horário - Ensino Médio'!$C19:$Z19,"*"&$C$1&"*"))>1,CONCAT("[CHOQUE] - ",IFERROR(HLOOKUP("*"&$C$1&"*",'Horário - Graduação'!$C25:$AW$44,$B6,FALSE),IFERROR(HLOOKUP("*"&$C$1&"*",'Horário - Ensino Médio'!$C19:$Z$32,$A6,FALSE),"Janela"))),IFERROR(HLOOKUP("*"&$C$1&"*",'Horário - Graduação'!$C25:$AW$44,$B6,FALSE),IFERROR(HLOOKUP("*"&$C$1&"*",'Horário - Ensino Médio'!$C19:$Z$32,$A6,FALSE),"Janela"))) -> Janela | F6: =IF((COUNTIF('Horário - Graduação'!$C46:$AW46,"*"&$C$1&"*")+COUNTIF('Horário - Ensino Médio'!$C34:$Z34,"*"&$C$1&"*"))>1,CONCAT("[CHOQUE] - ",IFERROR(HLOOKUP("*"&$C$1&"*",'Horário - Graduação'!$C46:$AW$65,$B6,FALSE),IFERROR(HLOOKUP("*"&$C$1&"*",'Horário - Ensino Médio'!$C34:$Z$47,$A6,FALSE),"Janela"))),IFERROR(HLOOKUP("*"&$C$1&"*",'Horário - Graduação'!$C46:$AW$65,$B6,FALSE),IFERROR(HLOOKUP("*"&$C$1&"*",'Horário - Ensino Médio'!$C34:$Z$47,$A6,FALSE),"Janela"))) -> Janela | G6: =IF((COUNTIF('Horário - Graduação'!$C67:$AW67,"*"&$C$1&"*")+COUNTIF('Horário - Ensino Médio'!$C49:$Z49,"*"&$C$1&"*"))>1,CONCAT("[CHOQUE] - ",IFERROR(HLOOKUP("*"&$C$1&"*",'Horário - Graduação'!$C67:$AW$86,$B6,FALSE),IFERROR(HLOOKUP("*"&$C$1&"*",'Horário - Ensino Médio'!$C49:$Z$62,$A6,FALSE),"Janela"))),IFERROR(HLOOKUP("*"&$C$1&"*",'Horário - Graduação'!$C67:$AW$86,$B6,FALSE),IFERROR(HLOOKUP("*"&$C$1&"*",'Horário - Ensino Médio'!$C49:$Z$62,$A6,FALSE),"Janela"))) -> Janela | H6: =IF((COUNTIF('Horário - Graduação'!$C88:$AW88,"*"&$C$1&"*")+COUNTIF('Horário - Ensino Médio'!$C64:$Z64,"*"&$C$1&"*"))>1,CONCAT("[CHOQUE] - ",IFERROR(HLOOKUP("*"&$C$1&"*",'Horário - Graduação'!$C88:$AW$107,$B6,FALSE),IFERROR(HLOOKUP("*"&$C$1&"*",'Horário - Ensino Médio'!$C64:$Z$77,$A6,FALSE),"Janela"))),IFERROR(HLOOKUP("*"&$C$1&"*",'Horário - Graduação'!$C88:$AW$107,$B6,FALSE),IFERROR(HLOOKUP("*"&$C$1&"*",'Horário - Ensino Médio'!$C64:$Z$77,$A6,FALSE),"Janela"))) -> Janela
A7: 13 | B7: 19 | C7: INTERVALO | D7: INTERVALO | E7: INTERVALO | F7: INTERVALO | G7: INTERVALO | H7: INTERVALO
A8: 12 | B8: 18 | C8: 09:20 - 10:10 | D8: =IF((COUNTIF('Horário - Graduação'!$C6:$AW6,"*"&$C$1&"*")+COUNTIF('Horário - Ensino Médio'!$C6:$Z6,"*"&$C$1&"*"))>1,CONCAT("[CHOQUE] - ",IFERROR(HLOOKUP("*"&$C$1&"*",'Horário - Graduação'!$C6:$AW$23,$B8,FALSE),IFERROR(HLOOKUP("*"&$C$1&"*",'Horário - Ensino Médio'!$C6:$Z$17,$A8,FALSE),"Janela"))),IFERROR(HLOOKUP("*"&$C$1&"*",'Horário - Graduação'!$C6:$AW$23,$B8,FALSE),IFERROR(HLOOKUP("*"&$C$1&"*",'Horário - Ensino Médio'!$C6:$Z$17,$A8,FALSE),"Janela"))) -> Janela | E8: =IF((COUNTIF('Horário - Graduação'!$C27:$AW27,"*"&$C$1&"*")+COUNTIF('Horário - Ensino Médio'!$C21:$Z21,"*"&$C$1&"*"))>1,CONCAT("[CHOQUE] - ",IFERROR(HLOOKUP("*"&$C$1&"*",'Horário - Graduação'!$C27:$AW$44,$B8,FALSE),IFERROR(HLOOKUP("*"&$C$1&"*",'Horário - Ensino Médio'!$C21:$Z$32,$A8,FALSE),"Janela"))),IFERROR(HLOOKUP("*"&$C$1&"*",'Horário - Graduação'!$C27:$AW$44,$B8,FALSE),IFERROR(HLOOKUP("*"&$C$1&"*",'Horário - Ensino Médio'!$C21:$Z$32,$A8,FALSE),"Janela"))) -> Janela | F8: =IF((COUNTIF('Horário - Graduação'!$C48:$AW48,"*"&$C$1&"*")+COUNTIF('Horário - Ensino Médio'!$C36:$Z36,"*"&$C$1&"*"))>1,CONCAT("[CHOQUE] - ",IFERROR(HLOOKUP("*"&$C$1&"*",'Horário - Graduação'!$C48:$AW$65,$B8,FALSE),IFERROR(HLOOKUP("*"&$C$1&"*",'Horário - Ensino Médio'!$C36:$Z$47,$A8,FALSE),"Janela"))),IFERROR(HLOOKUP("*"&$C$1&"*",'Horário - Graduação'!$C48:$AW$65,$B8,FALSE),IFERROR(HLOOKUP("*"&$C$1&"*",'Horário - Ensino Médio'!$C36:$Z$47,$A8,FALSE),"Janela"))) -> Janela | G8: =IF((COUNTIF('Horário - Graduação'!$C69:$AW69,"*"&$C$1&"*")+COUNTIF('Horário - Ensino Médio'!$C51:$Z51,"*"&$C$1&"*"))>1,CONCAT("[CHOQUE] - ",IFERROR(HLOOKUP("*"&$C$1&"*",'Horário - Graduação'!$C69:$AW$86,$B8,FALSE),IFERROR(HLOOKUP("*"&$C$1&"*",'Horário - Ensino Médio'!$C51:$Z$62,$A8,FALSE),"Janela"))),IFERROR(HLOOKUP("*"&$C$1&"*",'Horário - Graduação'!$C69:$AW$86,$B8,FALSE),IFERROR(HLOOKUP("*"&$C$1&"*",'Horário - Ensino Médio'!$C51:$Z$62,$A8,FALSE),"Janela"))) -> Janela | H8: =IF((COUNTIF('Horário - Graduação'!$C90:$AW90,"*"&$C$1&"*")+COUNTIF('Horário - Ensino Médio'!$C66:$Z66,"*"&$C$1&"*"))>1,CONCAT("[CHOQUE] - ",IFERROR(HLOOKUP("*"&$C$1&"*",'Horário - Graduação'!$C90:$AW$107,$B8,FALSE),IFERROR(HLOOKUP("*"&$C$1&"*",'Horário - Ensino Médio'!$C66:$Z$77,$A8,FALSE),"Janela"))),IFERROR(HLOOKUP("*"&$C$1&"*",'Horário - Graduação'!$C90:$AW$107,$B8,FALSE),IFERROR(HLOOKUP("*"&$C$1&"*",'Horário - Ensino Médio'!$C66:$Z$77,$A8,FALSE),"Janela"))) -> Janela
A9: 11 | B9: 17 | C9: 10:10 - 11:00 | D9: =IF((COUNTIF('Horário - Graduação'!$C7:$AW7,"*"&$C$1&"*")+COUNTIF('Horário - Ensino Médio'!$C7:$Z7,"*"&$C$1&"*"))>1,CONCAT("[CHOQUE] - ",IFERROR(HLOOKUP("*"&$C$1&"*",'Horário - Graduação'!$C7:$AW$23,$B9,FALSE),IFERROR(HLOOKUP("*"&$C$1&"*",'Horário - Ensino Médio'!$C7:$Z$17,$A9,FALSE),"Janela"))),IFERROR(HLOOKUP("*"&$C$1&"*",'Horário - Graduação'!$C7:$AW$23,$B9,FALSE),IFERROR(HLOOKUP("*"&$C$1&"*",'Horário - Ensino Médio'!$C7:$Z$17,$A9,FALSE),"Janela"))) -> Janela | E9: =IF((COUNTIF('Horário - Graduação'!$C28:$AW28,"*"&$C$1&"*")+COUNTIF('Horário - Ensino Médio'!$C22:$Z22,"*"&$C$1&"*"))>1,CONCAT("[CHOQUE] - ",IFERROR(HLOOKUP("*"&$C$1&"*",'Horário - Graduação'!$C28:$AW$44,$B9,FALSE),IFERROR(HLOOKUP("*"&$C$1&"*",'Horário - Ensino Médio'!$C22:$Z$32,$A9,FALSE),"Janela"))),IFERROR(HLOOKUP("*"&$C$1&"*",'Horário - Graduação'!$C28:$AW$44,$B9,FALSE),IFERROR(HLOOKUP("*"&$C$1&"*",'Horário - Ensino Médio'!$C22:$Z$32,$A9,FALSE),"Janela"))) -> Janela | F9: =IF((COUNTIF('Horário - Graduação'!$C49:$AW49,"*"&$C$1&"*")+COUNTIF('Horário - Ensino Médio'!$C37:$Z37,"*"&$C$1&"*"))>1,CONCAT("[CHOQUE] - ",IFERROR(HLOOKUP("*"&$C$1&"*",'Horário - Graduação'!$C49:$AW$65,$B9,FALSE),IFERROR(HLOOKUP("*"&$C$1&"*",'Horário - Ensino Médio'!$C37:$Z$47,$A9,FALSE),"Janela"))),IFERROR(HLOOKUP("*"&$C$1&"*",'Horário - Graduação'!$C49:$AW$65,$B9,FALSE),IFERROR(HLOOKUP("*"&$C$1&"*",'Horário - Ensino Médio'!$C37:$Z$47,$A9,FALSE),"Janela"))) -> Janela | G9: =IF((COUNTIF('Horário - Graduação'!$C70:$AW70,"*"&$C$1&"*")+COUNTIF('Horário - Ensino Médio'!$C52:$Z52,"*"&$C$1&"*"))>1,CONCAT("[CHOQUE] - ",IFERROR(HLOOKUP("*"&$C$1&"*",'Horário - Graduação'!$C70:$AW$86,$B9,FALSE),IFERROR(HLOOKUP("*"&$C$1&"*",'Horário - Ensino Médio'!$C52:$Z$62,$A9,FALSE),"Janela"))),IFERROR(HLOOKUP("*"&$C$1&"*",'Horário - Graduação'!$C70:$AW$86,$B9,FALSE),IFERROR(HLOOKUP("*"&$C$1&"*",'Horário - Ensino Médio'!$C52:$Z$62,$A9,FALSE),"Janela"))) -> Janela | H9: =IF((COUNTIF('Horário - Graduação'!$C91:$AW91,"*"&$C$1&"*")+COUNTIF('Horário - Ensino Médio'!$C67:$Z67,"*"&$C$1&"*"))>1,CONCAT("[CHOQUE] - ",IFERROR(HLOOKUP("*"&$C$1&"*",'Horário - Graduação'!$C91:$AW$107,$B9,FALSE),IFERROR(HLOOKUP("*"&$C$1&"*",'Horário - Ensino Médio'!$C67:$Z$77,$A9,FALSE),"Janela"))),IFERROR(HLOOKUP("*"&$C$1&"*",'Horário - Graduação'!$C91:$AW$107,$B9,FALSE),IFERROR(HLOOKUP("*"&$C$1&"*",'Horário - Ensino Médio'!$C67:$Z$77,$A9,FALSE),"Janela"))) -> Janela
A10: 10 | B10: 16 | C10: 11:00 - 11:50 | D10: =IF((COUNTIF('Horário - Graduação'!$C8:$AW8,"*"&$C$1&"*")+COUNTIF('Horário - Ensino Médio'!$C8:$Z8,"*"&$C$1&"*"))>1,CONCAT("[CHOQUE] - ",IFERROR(HLOOKUP("*"&$C$1&"*",'Horário - Graduação'!$C8:$AW$23,$B10,FALSE),IFERROR(HLOOKUP("*"&$C$1&"*",'Horário - Ensino Médio'!$C8:$Z$17,$A10,FALSE),"Janela"))),IFERROR(HLOOKUP("*"&$C$1&"*",'Horário - Graduação'!$C8:$AW$23,$B10,FALSE),IFERROR(HLOOKUP("*"&$C$1&"*",'Horário - Ensino Médio'!$C8:$Z$17,$A10,FALSE),"Janela"))) -> Janela | E10: =IF((COUNTIF('Horário - Graduação'!$C29:$AW29,"*"&$C$1&"*")+COUNTIF('Horário - Ensino Médio'!$C23:$Z23,"*"&$C$1&"*"))>1,CONCAT("[CHOQUE] - ",IFERROR(HLOOKUP("*"&$C$1&"*",'Horário - Graduação'!$C29:$AW$44,$B10,FALSE),IFERROR(HLOOKUP("*"&$C$1&"*",'Horário - Ensino Médio'!$C23:$Z$32,$A10,FALSE),"Janela"))),IFERROR(HLOOKUP("*"&$C$1&"*",'Horário - Graduação'!$C29:$AW$44,$B10,FALSE),IFERROR(HLOOKUP("*"&$C$1&"*",'Horário - Ensino Médio'!$C23:$Z$32,$A10,FALSE),"Janela"))) -> Janela | F10: =IF((COUNTIF('Horário - Graduação'!$C50:$AW50,"*"&$C$1&"*")+COUNTIF('Horário - Ensino Médio'!$C38:$Z38,"*"&$C$1&"*"))>1,CONCAT("[CHOQUE] - ",IFERROR(HLOOKUP("*"&$C$1&"*",'Horário - Graduação'!$C50:$AW$65,$B10,FALSE),IFERROR(HLOOKUP("*"&$C$1&"*",'Horário - Ensino Médio'!$C38:$Z$47,$A10,FALSE),"Janela"))),IFERROR(HLOOKUP("*"&$C$1&"*",'Horário - Graduação'!$C50:$AW$65,$B10,FALSE),IFERROR(HLOOKUP("*"&$C$1&"*",'Horário - Ensino Médio'!$C38:$Z$47,$A10,FALSE),"Janela"))) -> Janela | G10: =IF((COUNTIF('Horário - Graduação'!$C71:$AW71,"*"&$C$1&"*")+COUNTIF('Horário - Ensino Médio'!$C53:$Z53,"*"&$C$1&"*"))>1,CONCAT("[CHOQUE] - ",IFERROR(HLOOKUP("*"&$C$1&"*",'Horário - Graduação'!$C71:$AW$86,$B10,FALSE),IFERROR(HLOOKUP("*"&$C$1&"*",'Horário - Ensino Médio'!$C53:$Z$62,$A10,FALSE),"Janela"))),IFERROR(HLOOKUP("*"&$C$1&"*",'Horário - Graduação'!$C71:$AW$86,$B10,FALSE),IFERROR(HLOOKUP("*"&$C$1&"*",'Horário - Ensino Médio'!$C53:$Z$62,$A10,FALSE),"Janela"))) -> Janela | H10: =IF((COUNTIF('Horário - Graduação'!$C92:$AW92,"*"&$C$1&"*")+COUNTIF('Horário - Ensino Médio'!$C68:$Z68,"*"&$C$1&"*"))>1,CONCAT("[CHOQUE] - ",IFERROR(HLOOKUP("*"&$C$1&"*",'Horário - Graduação'!$C92:$AW$107,$B10,FALSE),IFERROR(HLOOKUP("*"&$C$1&"*",'Horário - Ensino Médio'!$C68:$Z$77,$A10,FALSE),"Janela"))),IFERROR(HLOOKUP("*"&$C$1&"*",'Horário - Graduação'!$C92:$AW$107,$B10,FALSE),IFERROR(HLOOKUP("*"&$C$1&"*",'Horário - Ensino Médio'!$C68:$Z$77,$A10,FALSE),"Janela"))) -> Janela
A11: 9 | B11: 15 | C11: ALMOÇO | D11: ALMOÇO | E11: ALMOÇO | F11: ALMOÇO | G11: ALMOÇO | H11: ALMOÇO
A12: 8 | B12: 14 | C12: 13:20 - 14:10 | D12: =IF((COUNTIF('Horário - Graduação'!$C10:$AW10,"*"&$C$1&"*")+COUNTIF('Horário - Ensino Médio'!$C10:$Z10,"*"&$C$1&"*"))>1,CONCAT("[CHOQUE] - ",IFERROR(HLOOKUP("*"&$C$1&"*",'Horário - Graduação'!$C10:$AW$23,$B12,FALSE),IFERROR(HLOOKUP("*"&$C$1&"*",'Horário - Ensino Médio'!$C10:$Z$17,$A12,FALSE),"Janela"))),IFERROR(HLOOKUP("*"&$C$1&"*",'Horário - Graduação'!$C10:$AW$23,$B12,FALSE),IFERROR(HLOOKUP("*"&$C$1&"*",'Horário - Ensino Médio'!$C10:$Z$17,$A12,FALSE),"Janela"))) -> Janela | E12: =IF((COUNTIF('Horário - Graduação'!$C31:$AW31,"*"&$C$1&"*")+COUNTIF('Horário - Ensino Médio'!$C25:$Z25,"*"&$C$1&"*"))>1,CONCAT("[CHOQUE] - ",IFERROR(HLOOKUP("*"&$C$1&"*",'Horário - Graduação'!$C31:$AW$44,$B12,FALSE),IFERROR(HLOOKUP("*"&$C$1&"*",'Horário - Ensino Médio'!$C25:$Z$32,$A12,FALSE),"Janela"))),IFERROR(HLOOKUP("*"&$C$1&"*",'Horário - Graduação'!$C31:$AW$44,$B12,FALSE),IFERROR(HLOOKUP("*"&$C$1&"*",'Horário - Ensino Médio'!$C25:$Z$32,$A12,FALSE),"Janela"))) -> Janela | F12: =IF((COUNTIF('Horário - Graduação'!$C52:$AW52,"*"&$C$1&"*")+COUNTIF('Horário - Ensino Médio'!$C40:$Z40,"*"&$C$1&"*"))>1,CONCAT("[CHOQUE] - ",IFERROR(HLOOKUP("*"&$C$1&"*",'Horário - Graduação'!$C52:$AW$65,$B12,FALSE),IFERROR(HLOOKUP("*"&$C$1&"*",'Horário - Ensino Médio'!$C40:$Z$47,$A12,FALSE),"Janela"))),IFERROR(HLOOKUP("*"&$C$1&"*",'Horário - Graduação'!$C52:$AW$65,$B12,FALSE),IFERROR(HLOOKUP("*"&$C$1&"*",'Horário - Ensino Médio'!$C40:$Z$47,$A12,FALSE),"Janela"))) -> Janela | G12: =IF((COUNTIF('Horário - Graduação'!$C73:$AW73,"*"&$C$1&"*")+COUNTIF('Horário - Ensino Médio'!$C55:$Z55,"*"&$C$1&"*"))>1,CONCAT("[CHOQUE] - ",IFERROR(HLOOKUP("*"&$C$1&"*",'Horário - Graduação'!$C73:$AW$86,$B12,FALSE),IFERROR(HLOOKUP("*"&$C$1&"*",'Horário - Ensino Médio'!$C55:$Z$62,$A12,FALSE),"Janela"))),IFERROR(HLOOKUP("*"&$C$1&"*",'Horário - Graduação'!$C73:$AW$86,$B12,FALSE),IFERROR(HLOOKUP("*"&$C$1&"*",'Horário - Ensino Médio'!$C55:$Z$62,$A12,FALSE),"Janela"))) -> Janela | H12: =IF((COUNTIF('Horário - Graduação'!$C94:$AW94,"*"&$C$1&"*")+COUNTIF(#REF!,"*"&$C$1&"*"))>1,CONCAT("[CHOQUE] - ",IFERROR(HLOOKUP("*"&$C$1&"*",'Horário - Graduação'!$C94:$AW$107,$B12,FALSE),IFERROR(HLOOKUP("*"&$C$1&"*",'Horário - Ensino Médio'!$C75:$Z$77,$A12,FALSE),"Janela"))),IFERROR(HLOOKUP("*"&$C$1&"*",'Horário - Graduação'!$C94:$AW$107,$B12,FALSE),IFERROR(HLOOKUP("*"&$C$1&"*",'Horário - Ensino Médio'!$C75:$Z$77,$A12,FALSE),"Janela"))) -> #REF!
A13: 7 | B13: 13 | C13: 14:10 - 15:00 | D13: =IF((COUNTIF('Horário - Graduação'!$C11:$AW11,"*"&$C$1&"*")+COUNTIF('Horário - Ensino Médio'!$C11:$Z11,"*"&$C$1&"*"))>1,CONCAT("[CHOQUE] - ",IFERROR(HLOOKUP("*"&$C$1&"*",'Horário - Graduação'!$C11:$AW$23,$B13,FALSE),IFERROR(HLOOKUP("*"&$C$1&"*",'Horário - Ensino Médio'!$C11:$Z$17,$A13,FALSE),"Janela"))),IFERROR(HLOOKUP("*"&$C$1&"*",'Horário - Graduação'!$C11:$AW$23,$B13,FALSE),IFERROR(HLOOKUP("*"&$C$1&"*",'Horário - Ensino Médio'!$C11:$Z$17,$A13,FALSE),"Janela"))) -> Janela | E13: =IF((COUNTIF('Horário - Graduação'!$C32:$AW32,"*"&$C$1&"*")+COUNTIF('Horário - Ensino Médio'!$C26:$Z26,"*"&$C$1&"*"))>1,CONCAT("[CHOQUE] - ",IFERROR(HLOOKUP("*"&$C$1&"*",'Horário - Graduação'!$C32:$AW$44,$B13,FALSE),IFERROR(HLOOKUP("*"&$C$1&"*",'Horário - Ensino Médio'!$C26:$Z$32,$A13,FALSE),"Janela"))),IFERROR(HLOOKUP("*"&$C$1&"*",'Horário - Graduação'!$C32:$AW$44,$B13,FALSE),IFERROR(HLOOKUP("*"&$C$1&"*",'Horário - Ensino Médio'!$C26:$Z$32,$A13,FALSE),"Janela"))) -> Janela | F13: =IF((COUNTIF('Horário - Graduação'!$C53:$AW53,"*"&$C$1&"*")+COUNTIF('Horário - Ensino Médio'!$C41:$Z41,"*"&$C$1&"*"))>1,CONCAT("[CHOQUE] - ",IFERROR(HLOOKUP("*"&$C$1&"*",'Horário - Graduação'!$C53:$AW$65,$B13,FALSE),IFERROR(HLOOKUP("*"&$C$1&"*",'Horário - Ensino Médio'!$C41:$Z$47,$A13,FALSE),"Janela"))),IFERROR(HLOOKUP("*"&$C$1&"*",'Horário - Graduação'!$C53:$AW$65,$B13,FALSE),IFERROR(HLOOKUP("*"&$C$1&"*",'Horário - Ensino Médio'!$C41:$Z$47,$A13,FALSE),"Janela"))) -> Janela | G13: =IF((COUNTIF('Horário - Graduação'!$C74:$AW74,"*"&$C$1&"*")+COUNTIF('Horário - Ensino Médio'!$C56:$Z56,"*"&$C$1&"*"))>1,CONCAT("[CHOQUE] - ",IFERROR(HLOOKUP("*"&$C$1&"*",'Horário - Graduação'!$C74:$AW$86,$B13,FALSE),IFERROR(HLOOKUP("*"&$C$1&"*",'Horário - Ensino Médio'!$C56:$Z$62,$A13,FALSE),"Janela"))),IFERROR(HLOOKUP("*"&$C$1&"*",'Horário - Graduação'!$C74:$AW$86,$B13,FALSE),IFERROR(HLOOKUP("*"&$C$1&"*",'Horário - Ensino Médio'!$C56:$Z$62,$A13,FALSE),"Janela"))) -> Janela | H13: =IF((COUNTIF('Horário - Graduação'!$C95:$AW95,"*"&$C$1&"*")+COUNTIF(#REF!,"*"&$C$1&"*"))>1,CONCAT("[CHOQUE] - ",IFERROR(HLOOKUP("*"&$C$1&"*",'Horário - Graduação'!$C95:$AW$107,$B13,FALSE),IFERROR(HLOOKUP("*"&$C$1&"*",'Horário - Ensino Médio'!$C75:$Z$77,$A13,FALSE),"Janela"))),IFERROR(HLOOKUP("*"&$C$1&"*",'Horário - Graduação'!$C95:$AW$107,$B13,FALSE),IFERROR(HLOOKUP("*"&$C$1&"*",'Horário - Ensino Médio'!$C75:$Z$77,$A13,FALSE),"Janela"))) -> #REF!
A14: 6 | B14: 12 | C14: INTERVALO | D14: INTERVALO | E14: INTERVALO | F14: INTERVALO | G14: INTERVALO | H14: INTERVALO
A15: 5 | B15: 11 | C15: 15:20 - 16:10 | D15: =IF((COUNTIF('Horário - Graduação'!$C13:$AW13,"*"&$C$1&"*")+COUNTIF('Horário - Ensino Médio'!$C13:$Z13,"*"&$C$1&"*"))>1,CONCAT("[CHOQUE] - ",IFERROR(HLOOKUP("*"&$C$1&"*",'Horário - Graduação'!$C13:$AW$23,$B15,FALSE),IFERROR(HLOOKUP("*"&$C$1&"*",'Horário - Ensino Médio'!$C13:$Z$17,$A15,FALSE),"Janela"))),IFERROR(HLOOKUP("*"&$C$1&"*",'Horário - Graduação'!$C13:$AW$23,$B15,FALSE),IFERROR(HLOOKUP("*"&$C$1&"*",'Horário - Ensino Médio'!$C13:$Z$17,$A15,FALSE),"Janela"))) -> Janela | E15: =IF((COUNTIF('Horário - Graduação'!$C34:$AW34,"*"&$C$1&"*")+COUNTIF('Horário - Ensino Médio'!$C28:$Z28,"*"&$C$1&"*"))>1,CONCAT("[CHOQUE] - ",IFERROR(HLOOKUP("*"&$C$1&"*",'Horário - Graduação'!$C34:$AW$44,$B15,FALSE),IFERROR(HLOOKUP("*"&$C$1&"*",'Horário - Ensino Médio'!$C28:$Z$32,$A15,FALSE),"Janela"))),IFERROR(HLOOKUP("*"&$C$1&"*",'Horário - Graduação'!$C34:$AW$44,$B15,FALSE),IFERROR(HLOOKUP("*"&$C$1&"*",'Horário - Ensino Médio'!$C28:$Z$32,$A15,FALSE),"Janela"))) -> Janela | F15: =IF((COUNTIF('Horário - Graduação'!$C55:$AW55,"*"&$C$1&"*")+COUNTIF('Horário - Ensino Médio'!$C43:$Z43,"*"&$C$1&"*"))>1,CONCAT("[CHOQUE] - ",IFERROR(HLOOKUP("*"&$C$1&"*",'Horário - Graduação'!$C55:$AW$65,$B15,FALSE),IFERROR(HLOOKUP("*"&$C$1&"*",'Horário - Ensino Médio'!$C43:$Z$47,$A15,FALSE),"Janela"))),IFERROR(HLOOKUP("*"&$C$1&"*",'Horário - Graduação'!$C55:$AW$65,$B15,FALSE),IFERROR(HLOOKUP("*"&$C$1&"*",'Horário - Ensino Médio'!$C43:$Z$47,$A15,FALSE),"Janela"))) -> Janela | G15: =IF((COUNTIF('Horário - Graduação'!$C76:$AW76,"*"&$C$1&"*")+COUNTIF('Horário - Ensino Médio'!$C58:$Z58,"*"&$C$1&"*"))>1,CONCAT("[CHOQUE] - ",IFERROR(HLOOKUP("*"&$C$1&"*",'Horário - Graduação'!$C76:$AW$86,$B15,FALSE),IFERROR(HLOOKUP("*"&$C$1&"*",'Horário - Ensino Médio'!$C58:$Z$62,$A15,FALSE),"Janela"))),IFERROR(HLOOKUP("*"&$C$1&"*",'Horário - Graduação'!$C76:$AW$86,$B15,FALSE),IFERROR(HLOOKUP("*"&$C$1&"*",'Horário - Ensino Médio'!$C58:$Z$62,$A15,FALSE),"Janela"))) -> Janela | H15: =IF((COUNTIF('Horário - Graduação'!$C97:$AW97,"*"&$C$1&"*")+COUNTIF(#REF!,"*"&$C$1&"*"))>1,CONCAT("[CHOQUE] - ",IFERROR(HLOOKUP("*"&$C$1&"*",'Horário - Graduação'!$C97:$AW$107,$B15,FALSE),IFERROR(HLOOKUP("*"&$C$1&"*",'Horário - Ensino Médio'!$C75:$Z$77,$A15,FALSE),"Janela"))),IFERROR(HLOOKUP("*"&$C$1&"*",'Horário - Graduação'!$C97:$AW$107,$B15,FALSE),IFERROR(HLOOKUP("*"&$C$1&"*",'Horário - Ensino Médio'!$C75:$Z$77,$A15,FALSE),"Janela"))) -> #REF!
A16: 4 | B16: 10 | C16: 16:10 - 17:00 | D16: =IF((COUNTIF('Horário - Graduação'!$C14:$AW14,"*"&$C$1&"*")+COUNTIF('Horário - Ensino Médio'!$C14:$Z14,"*"&$C$1&"*"))>1,CONCAT("[CHOQUE] - ",IFERROR(HLOOKUP("*"&$C$1&"*",'Horário - Graduação'!$C14:$AW$23,$B16,FALSE),IFERROR(HLOOKUP("*"&$C$1&"*",'Horário - Ensino Médio'!$C14:$Z$17,$A16,FALSE),"Janela"))),IFERROR(HLOOKUP("*"&$C$1&"*",'Horário - Graduação'!$C14:$AW$23,$B16,FALSE),IFERROR(HLOOKUP("*"&$C$1&"*",'Horário - Ensino Médio'!$C14:$Z$17,$A16,FALSE),"Janela"))) -> Janela | E16: =IF((COUNTIF('Horário - Graduação'!$C35:$AW35,"*"&$C$1&"*")+COUNTIF('Horário - Ensino Médio'!$C29:$Z29,"*"&$C$1&"*"))>1,CONCAT("[CHOQUE] - ",IFERROR(HLOOKUP("*"&$C$1&"*",'Horário - Graduação'!$C35:$AW$44,$B16,FALSE),IFERROR(HLOOKUP("*"&$C$1&"*",'Horário - Ensino Médio'!$C29:$Z$32,$A16,FALSE),"Janela"))),IFERROR(HLOOKUP("*"&$C$1&"*",'Horário - Graduação'!$C35:$AW$44,$B16,FALSE),IFERROR(HLOOKUP("*"&$C$1&"*",'Horário - Ensino Médio'!$C29:$Z$32,$A16,FALSE),"Janela"))) -> Janela | F16: =IF((COUNTIF('Horário - Graduação'!$C56:$AW56,"*"&$C$1&"*")+COUNTIF('Horário - Ensino Médio'!$C44:$Z44,"*"&$C$1&"*"))>1,CONCAT("[CHOQUE] - ",IFERROR(HLOOKUP("*"&$C$1&"*",'Horário - Graduação'!$C56:$AW$65,$B16,FALSE),IFERROR(HLOOKUP("*"&$C$1&"*",'Horário - Ensino Médio'!$C44:$Z$47,$A16,FALSE),"Janela"))),IFERROR(HLOOKUP("*"&$C$1&"*",'Horário - Graduação'!$C56:$AW$65,$B16,FALSE),IFERROR(HLOOKUP("*"&$C$1&"*",'Horário - Ensino Médio'!$C44:$Z$47,$A16,FALSE),"Janela"))) -> Janela | G16: =IF((COUNTIF('Horário - Graduação'!$C77:$AW77,"*"&$C$1&"*")+COUNTIF('Horário - Ensino Médio'!$C59:$Z59,"*"&$C$1&"*"))>1,CONCAT("[CHOQUE] - ",IFERROR(HLOOKUP("*"&$C$1&"*",'Horário - Graduação'!$C77:$AW$86,$B16,FALSE),IFERROR(HLOOKUP("*"&$C$1&"*",'Horário - Ensino Médio'!$C59:$Z$62,$A16,FALSE),"Janela"))),IFERROR(HLOOKUP("*"&$C$1&"*",'Horário - Graduação'!$C77:$AW$86,$B16,FALSE),IFERROR(HLOOKUP("*"&$C$1&"*",'Horário - Ensino Médio'!$C59:$Z$62,$A16,FALSE),"Janela"))) -> Janela | H16: =IF((COUNTIF('Horário - Graduação'!$C98:$AW98,"*"&$C$1&"*")+COUNTIF(#REF!,"*"&$C$1&"*"))>1,CONCAT("[CHOQUE] - ",IFERROR(HLOOKUP("*"&$C$1&"*",'Horário - Graduação'!$C98:$AW$107,$B16,FALSE),IFERROR(HLOOKUP("*"&$C$1&"*",'Horário - Ensino Médio'!$C75:$Z$77,$A16,FALSE),"Janela"))),IFERROR(HLOOKUP("*"&$C$1&"*",'Horário - Graduação'!$C98:$AW$107,$B16,FALSE),IFERROR(HLOOKUP("*"&$C$1&"*",'Horário - Ensino Médio'!$C75:$Z$77,$A16,FALSE),"Janela"))) -> #REF!
A17: 3 | B17: 9 | C17: 17:00 - 17:50 | D17: =IF((COUNTIF('Horário - Graduação'!$C15:$AW15,"*"&$C$1&"*")+COUNTIF('Horário - Ensino Médio'!$C15:$Z15,"*"&$C$1&"*"))>1,CONCAT("[CHOQUE] - ",IFERROR(HLOOKUP("*"&$C$1&"*",'Horário - Graduação'!$C15:$AW$23,$B17,FALSE),IFERROR(HLOOKUP("*"&$C$1&"*",'Horário - Ensino Médio'!$C15:$Z$17,$A17,FALSE),"Janela"))),IFERROR(HLOOKUP("*"&$C$1&"*",'Horário - Graduação'!$C15:$AW$23,$B17,FALSE),IFERROR(HLOOKUP("*"&$C$1&"*",'Horário - Ensino Médio'!$C15:$Z$17,$A17,FALSE),"Janela"))) -> Janela | E17: =IF((COUNTIF('Horário - Graduação'!$C36:$AW36,"*"&$C$1&"*")+COUNTIF('Horário - Ensino Médio'!$C30:$Z30,"*"&$C$1&"*"))>1,CONCAT("[CHOQUE] - ",IFERROR(HLOOKUP("*"&$C$1&"*",'Horário - Graduação'!$C36:$AW$44,$B17,FALSE),IFERROR(HLOOKUP("*"&$C$1&"*",'Horário - Ensino Médio'!$C30:$Z$32,$A17,FALSE),"Janela"))),IFERROR(HLOOKUP("*"&$C$1&"*",'Horário - Graduação'!$C36:$AW$44,$B17,FALSE),IFERROR(HLOOKUP("*"&$C$1&"*",'Horário - Ensino Médio'!$C30:$Z$32,$A17,FALSE),"Janela"))) -> Janela | F17: =IF((COUNTIF('Horário - Graduação'!$C57:$AW57,"*"&$C$1&"*")+COUNTIF('Horário - Ensino Médio'!$C45:$Z45,"*"&$C$1&"*"))>1,CONCAT("[CHOQUE] - ",IFERROR(HLOOKUP("*"&$C$1&"*",'Horário - Graduação'!$C57:$AW$65,$B17,FALSE),IFERROR(HLOOKUP("*"&$C$1&"*",'Horário - Ensino Médio'!$C45:$Z$47,$A17,FALSE),"Janela"))),IFERROR(HLOOKUP("*"&$C$1&"*",'Horário - Graduação'!$C57:$AW$65,$B17,FALSE),IFERROR(HLOOKUP("*"&$C$1&"*",'Horário - Ensino Médio'!$C45:$Z$47,$A17,FALSE),"Janela"))) -> Janela | G17: =IF((COUNTIF('Horário - Graduação'!$C78:$AW78,"*"&$C$1&"*")+COUNTIF('Horário - Ensino Médio'!$C60:$Z60,"*"&$C$1&"*"))>1,CONCAT("[CHOQUE] - ",IFERROR(HLOOKUP("*"&$C$1&"*",'Horário - Graduação'!$C78:$AW$86,$B17,FALSE),IFERROR(HLOOKUP("*"&$C$1&"*",'Horário - Ensino Médio'!$C60:$Z$62,$A17,FALSE),"Janela"))),IFERROR(HLOOKUP("*"&$C$1&"*",'Horário - Graduação'!$C78:$AW$86,$B17,FALSE),IFERROR(HLOOKUP("*"&$C$1&"*",'Horário - Ensino Médio'!$C60:$Z$62,$A17,FALSE),"Janela"))) -> Janela | H17: =IF((COUNTIF('Horário - Graduação'!$C99:$AW99,"*"&$C$1&"*")+COUNTIF('Horário - Ensino Médio'!$C75:$Z75,"*"&$C$1&"*"))>1,CONCAT("[CHOQUE] - ",IFERROR(HLOOKUP("*"&$C$1&"*",'Horário - Graduação'!$C99:$AW$107,$B17,FALSE),IFERROR(HLOOKUP("*"&$C$1&"*",'Horário - Ensino Médio'!$C75:$Z$77,$A17,FALSE),"Janela"))),IFERROR(HLOOKUP("*"&$C$1&"*",'Horário - Graduação'!$C99:$AW$107,$B17,FALSE),IFERROR(HLOOKUP("*"&$C$1&"*",'Horário - Ensino Médio'!$C75:$Z$77,$A17,FALSE),"Janela"))) -> Janela
B18: 8 | C18: INTERVALO | D18: INTERVALO | E18: INTERVALO | F18: INTERVALO | G18: INTERVALO | H18: INTERVALO
A19: 2 | B19: 7 | C19: 18:10 - 19:00 | D19: =IF((COUNTIF('Horário - Graduação'!$C17:$AW17,"*"&$C$1&"*"))>1,CONCAT("[CHOQUE] - ",IFERROR(HLOOKUP("*"&$C$1&"*",'Horário - Graduação'!$C17:$AW$23,$B19,FALSE),"Janela")),IFERROR(HLOOKUP("*"&$C$1&"*",'Horário - Graduação'!$C17:$AW$23,$B19,FALSE),"Janela")) -> Janela | E19: =IF((COUNTIF('Horário - Graduação'!$C38:$AW38,"*"&$C$1&"*"))>1,CONCAT("[CHOQUE] - ",IFERROR(HLOOKUP("*"&$C$1&"*",'Horário - Graduação'!$C38:$AW$44,$B19,FALSE),"Janela")),IFERROR(HLOOKUP("*"&$C$1&"*",'Horário - Graduação'!$C38:$AW$44,$B19,FALSE),"Janela")) -> Janela | F19: =IF((COUNTIF('Horário - Graduação'!$C59:$AW59,"*"&$C$1&"*"))>1,CONCAT("[CHOQUE] - ",IFERROR(HLOOKUP("*"&$C$1&"*",'Horário - Graduação'!$C59:$AW$65,$B19,FALSE),"Janela")),IFERROR(HLOOKUP("*"&$C$1&"*",'Horário - Graduação'!$C59:$AW$65,$B19,FALSE),"Janela")) -> Janela | G19: =IF((COUNTIF('Horário - Graduação'!$C80:$AW80,"*"&$C$1&"*"))>1,CONCAT("[CHOQUE] - ",IFERROR(HLOOKUP("*"&$C$1&"*",'Horário - Graduação'!$C80:$AW$86,$B19,FALSE),"Janela")),IFERROR(HLOOKUP("*"&$C$1&"*",'Horário - Graduação'!$C80:$AW$86,$B19,FALSE),"Janela")) -> Janela | H19: =IF((COUNTIF('Horário - Graduação'!$C101:$AW101,"*"&$C$1&"*"))>1,CONCAT("[CHOQUE] - ",IFERROR(HLOOKUP("*"&$C$1&"*",'Horário - Graduação'!$C101:$AW$107,$B19,FALSE),"Janela")),IFERROR(HLOOKUP("*"&$C$1&"*",'Horário - Graduação'!$C101:$AW$107,$B19,FALSE),"Janela")) -> Janela
A20: 1 | B20: 6 | C20: 19:00 - 19:50 | D20: =IF((COUNTIF('Horário - Graduação'!$C18:$AW18,"*"&$C$1&"*"))>1,CONCAT("[CHOQUE] - ",IFERROR(HLOOKUP("*"&$C$1&"*",'Horário - Graduação'!$C18:$AW$23,$B20,FALSE),"Janela")),IFERROR(HLOOKUP("*"&$C$1&"*",'Horário - Graduação'!$C18:$AW$23,$B20,FALSE),"Janela")) -> Janela | E20: =IF((COUNTIF('Horário - Graduação'!$C39:$AW39,"*"&$C$1&"*"))>1,CONCAT("[CHOQUE] - ",IFERROR(HLOOKUP("*"&$C$1&"*",'Horário - Graduação'!$C39:$AW$44,$B20,FALSE),"Janela")),IFERROR(HLOOKUP("*"&$C$1&"*",'Horário - Graduação'!$C39:$AW$44,$B20,FALSE),"Janela")) -> Janela | F20: =IF((COUNTIF('Horário - Graduação'!$C60:$AW60,"*"&$C$1&"*"))>1,CONCAT("[CHOQUE] - ",IFERROR(HLOOKUP("*"&$C$1&"*",'Horário - Graduação'!$C60:$AW$65,$B20,FALSE),"Janela")),IFERROR(HLOOKUP("*"&$C$1&"*",'Horário - Graduação'!$C60:$AW$65,$B20,FALSE),"Janela")) -> Janela | G20: =IF((COUNTIF('Horário - Graduação'!$C81:$AW81,"*"&$C$1&"*"))>1,CONCAT("[CHOQUE] - ",IFERROR(HLOOKUP("*"&$C$1&"*",'Horário - Graduação'!$C81:$AW$86,$B20,FALSE),"Janela")),IFERROR(HLOOKUP("*"&$C$1&"*",'Horário - Graduação'!$C81:$AW$86,$B20,FALSE),"Janela")) -> Janela | H20: =IF((COUNTIF('Horário - Graduação'!$C102:$AW102,"*"&$C$1&"*"))>1,CONCAT("[CHOQUE] - ",IFERROR(HLOOKUP("*"&$C$1&"*",'Horário - Graduação'!$C102:$AW$107,$B20,FALSE),"Janela")),IFERROR(HLOOKUP("*"&$C$1&"*",'Horário - Graduação'!$C102:$AW$107,$B20,FALSE),"Janela")) -> Janela
B21: 5 | C21: 19:50 - 20:40 | D21: =IF((COUNTIF('Horário - Graduação'!$C19:$AW19,"*"&$C$1&"*"))>1,CONCAT("[CHOQUE] - ",IFERROR(HLOOKUP("*"&$C$1&"*",'Horário - Graduação'!$C19:$AW$23,$B21,FALSE),"Janela")),IFERROR(HLOOKUP("*"&$C$1&"*",'Horário - Graduação'!$C19:$AW$23,$B21,FALSE),"Janela")) -> Janela | E21: =IF((COUNTIF('Horário - Graduação'!$C40:$AW40,"*"&$C$1&"*"))>1,CONCAT("[CHOQUE] - ",IFERROR(HLOOKUP("*"&$C$1&"*",'Horário - Graduação'!$C40:$AW$44,$B21,FALSE),"Janela")),IFERROR(HLOOKUP("*"&$C$1&"*",'Horário - Graduação'!$C40:$AW$44,$B21,FALSE),"Janela")) -> Janela | F21: =IF((COUNTIF('Horário - Graduação'!$C61:$AW61,"*"&$C$1&"*"))>1,CONCAT("[CHOQUE] - ",IFERROR(HLOOKUP("*"&$C$1&"*",'Horário - Graduação'!$C61:$AW$65,$B21,FALSE),"Janela")),IFERROR(HLOOKUP("*"&$C$1&"*",'Horário - Graduação'!$C61:$AW$65,$B21,FALSE),"Janela")) -> Janela | G21: =IF((COUNTIF('Horário - Graduação'!$C82:$AW82,"*"&$C$1&"*"))>1,CONCAT("[CHOQUE] - ",IFERROR(HLOOKUP("*"&$C$1&"*",'Horário - Graduação'!$C82:$AW$86,$B21,FALSE),"Janela")),IFERROR(HLOOKUP("*"&$C$1&"*",'Horário - Graduação'!$C82:$AW$86,$B21,FALSE),"Janela")) -> Janela | H21: =IF((COUNTIF('Horário - Graduação'!$C103:$AW103,"*"&$C$1&"*"))>1,CONCAT("[CHOQUE] - ",IFERROR(HLOOKUP("*"&$C$1&"*",'Horário - Graduação'!$C103:$AW$107,$B21,FALSE),"Janela")),IFERROR(HLOOKUP("*"&$C$1&"*",'Horário - Graduação'!$C103:$AW$107,$B21,FALSE),"Janela")) -> Janela
B22: 4 | C22: INTERVALO | D22: INTERVALO | E22: INTERVALO | F22: INTERVALO | G22: INTERVALO | H22: INTERVALO
B23: 3 | C23: 21:00 - 21:50 | D23: =IF((COUNTIF('Horário - Graduação'!$C21:$AW21,"*"&$C$1&"*"))>1,CONCAT("[CHOQUE] - ",IFERROR(HLOOKUP("*"&$C$1&"*",'Horário - Graduação'!$C21:$AW$23,$B23,FALSE),"Janela")),IFERROR(HLOOKUP("*"&$C$1&"*",'Horário - Graduação'!$C21:$AW$23,$B23,FALSE),"Janela")) -> Janela | E23: =IF((COUNTIF('Horário - Graduação'!$C42:$AW42,"*"&$C$1&"*"))>1,CONCAT("[CHOQUE] - ",IFERROR(HLOOKUP("*"&$C$1&"*",'Horário - Graduação'!$C42:$AW$44,$B23,FALSE),"Janela")),IFERROR(HLOOKUP("*"&$C$1&"*",'Horário - Graduação'!$C42:$AW$44,$B23,FALSE),"Janela")) -> Janela | F23: =IF((COUNTIF('Horário - Graduação'!$C63:$AW63,"*"&$C$1&"*"))>1,CONCAT("[CHOQUE] - ",IFERROR(HLOOKUP("*"&$C$1&"*",'Horário - Graduação'!$C63:$AW$65,$B23,FALSE),"Janela")),IFERROR(HLOOKUP("*"&$C$1&"*",'Horário - Graduação'!$C63:$AW$65,$B23,FALSE),"Janela")) -> Janela | G23: =IF((COUNTIF('Horário - Graduação'!$C84:$AW84,"*"&$C$1&"*"))>1,CONCAT("[CHOQUE] - ",IFERROR(HLOOKUP("*"&$C$1&"*",'Horário - Graduação'!$C84:$AW$86,$B23,FALSE),"Janela")),IFERROR(HLOOKUP("*"&$C$1&"*",'Horário - Graduação'!$C84:$AW$86,$B23,FALSE),"Janela")) -> Janela | H23: =IF((COUNTIF('Horário - Graduação'!$C105:$AW105,"*"&$C$1&"*"))>1,CONCAT("[CHOQUE] - ",IFERROR(HLOOKUP("*"&$C$1&"*",'Horário - Graduação'!$C105:$AW$107,$B23,FALSE),"Janela")),IFERROR(HLOOKUP("*"&$C$1&"*",'Horário - Graduação'!$C105:$AW$107,$B23,FALSE),"Janela")) -> Janela
B24: 2 | C24: 21:50 - 22:40 | D24: =IF((COUNTIF('Horário - Graduação'!$C22:$AW22,"*"&$C$1&"*"))>1,CONCAT("[CHOQUE] - ",IFERROR(HLOOKUP("*"&$C$1&"*",'Horário - Graduação'!$C22:$AW$23,$B24,FALSE),"Janela")),IFERROR(HLOOKUP("*"&$C$1&"*",'Horário - Graduação'!$C22:$AW$23,$B24,FALSE),"Janela")) -> Janela | E24: =IF((COUNTIF('Horário - Graduação'!$C43:$AW43,"*"&$C$1&"*"))>1,CONCAT("[CHOQUE] - ",IFERROR(HLOOKUP("*"&$C$1&"*",'Horário - Graduação'!$C43:$AW$44,$B24,FALSE),"Janela")),IFERROR(HLOOKUP("*"&$C$1&"*",'Horário - Graduação'!$C43:$AW$44,$B24,FALSE),"Janela")) -> Janela | F24: =IF((COUNTIF('Horário - Graduação'!$C64:$AW64,"*"&$C$1&"*"))>1,CONCAT("[CHOQUE] - ",IFERROR(HLOOKUP("*"&$C$1&"*",'Horário - Graduação'!$C64:$AW$65,$B24,FALSE),"Janela")),IFERROR(HLOOKUP("*"&$C$1&"*",'Horário - Graduação'!$C64:$AW$65,$B24,FALSE),"Janela")) -> Janela | G24: =IF((COUNTIF('Horário - Graduação'!$C85:$AW85,"*"&$C$1&"*"))>1,CONCAT("[CHOQUE] - ",IFERROR(HLOOKUP("*"&$C$1&"*",'Horário - Graduação'!$C85:$AW$86,$B24,FALSE),"Janela")),IFERROR(HLOOKUP("*"&$C$1&"*",'Horário - Graduação'!$C85:$AW$86,$B24,FALSE),"Janela")) -> Janela | H24: Janela

Sheet Horário - Professor - 1
D1: Jamerson Jardel
A2: # | B2: # | E2: TERÇA | F2: QUARTA | G2: QUINTA | H2: SEXTA
D3: 3-16 | E3: 17-30 | F3: 31-44 | G3: 45-58 | H3: 59-72
D4: 3-22 | E4: 23-42 | F4: 43-62 | G4: 63-82 | H4: 83-102
A5: 15 | B5: 21 | C5: 07:20 - 08:10 | D5: =IF((COUNTIF('Horário - Graduação'!$C3:$AW3,"*"&$D$1&"*")+COUNTIF('Horário - Ensino Médio'!$C3:$Z3,"*"&$D$1&"*"))>1,IF(COUNTIF('Horário - Ensino Médio'!$C3:$Z3,"*"&$D$1&"*")>0,CONCAT("[CHOQUE] - ",IFERROR(CONCAT(HLOOKUP("*"&$D$1&"*",'Horário - Graduação'!$C3:$AW$23,1,FALSE)& CHAR(10),HLOOKUP("*"&$D$1&"*",'Horário - Graduação'!$C3:$AW$23,$B5,FALSE)),IFERROR(CONCAT(HLOOKUP("*"&$D$1&"*",'Horário - Ensino Médio'!$C3:$Z$17,1,FALSE)& CHAR(10),HLOOKUP("*"&$D$1&"*",'Horário - Ensino Médio'!$C3:$Z$17,$A5,FALSE)),"Janela"))),CONCATENATE(HLOOKUP("*"&$D$1&"*",'Horário - Graduação'!$C3:$AW$23,1,FALSE)& CHAR(10),HLOOKUP("*"&$D$1&"*",'Horário - Graduação'!$C3:$AW$23,$B5,FALSE)," + OUTRO")),IFERROR(CONCAT(HLOOKUP("*"&$D$1&"*",'Horário - Graduação'!$C3:$AW$23,1,FALSE)& CHAR(10),HLOOKUP("*"&$D$1&"*",'Horário - Graduação'!$C3:$AW$23,$B5,FALSE)),IFERROR(CONCAT(HLOOKUP("*"&$D$1&"*",'Horário - Ensino Médio'!$C3:$Z$17,1,FALSE)& CHAR(10),HLOOKUP("*"&$D$1&"*",'Horário - Ensino Médio'!$C3:$Z$17,$A5,FALSE)),"Janela"))) -> Janela | E5: =IF((COUNTIF('Horário - Graduação'!$C24:$AW24,"*"&$D$1&"*")+COUNTIF('Horário - Ensino Médio'!$C18:$Z18,"*"&$D$1&"*"))>1,IF(COUNTIF('Horário - Ensino Médio'!$C18:$Z18,"*"&$D$1&"*")>0,CONCAT("[CHOQUE] - ",IFERROR(CONCAT(HLOOKUP("*"&$D$1&"*",'Horário - Graduação'!$C24:$AW$44,1,FALSE)& CHAR(10),HLOOKUP("*"&$D$1&"*",'Horário - Graduação'!$C24:$AW$44,$B5,FALSE)),IFERROR(CONCAT(HLOOKUP("*"&$D$1&"*",'Horário - Ensino Médio'!$C18:$Z$32,1,FALSE)& CHAR(10),HLOOKUP("*"&$D$1&"*",'Horário - Ensino Médio'!$C18:$Z$32,$A5,FALSE)),"Janela"))),CONCATENATE(HLOOKUP("*"&$D$1&"*",'Horário - Graduação'!$C24:$AW$44,1,FALSE)& CHAR(10),HLOOKUP("*"&$D$1&"*",'Horário - Graduação'!$C24:$AW$44,$B5,FALSE)," + OUTRO")),IFERROR(CONCAT(HLOOKUP("*"&$D$1&"*",'Horário - Graduação'!$C24:$AW$44,1,FALSE)& CHAR(10),HLOOKUP("*"&$D$1&"*",'Horário - Graduação'!$C24:$AW$44,$B5,FALSE)),IFERROR(CONCAT(HLOOKUP("*"&$D$1&"*",'Horário - Ensino Médio'!$C18:$Z$32,1,FALSE)& CHAR(10),HLOOKUP("*"&$D$1&"*",'Horário - Ensino Médio'!$C18:$Z$32,$A5,FALSE)),"Janela"))) -> Janela | F5: =IF((COUNTIF('Horário - Graduação'!$C45:$AW45,"*"&$D$1&"*")+COUNTIF('Horário - Ensino Médio'!$C33:$Z33,"*"&$D$1&"*"))>1,IF(COUNTIF('Horário - Ensino Médio'!$C33:$Z33,"*"&$D$1&"*")>0,CONCAT("[CHOQUE] - ",IFERROR(CONCAT(HLOOKUP("*"&$D$1&"*",'Horário - Graduação'!$C45:$AW$65,1,FALSE)& CHAR(10),HLOOKUP("*"&$D$1&"*",'Horário - Graduação'!$C45:$AW$65,$B5,FALSE)),IFERROR(CONCAT(HLOOKUP("*"&$D$1&"*",'Horário - Ensino Médio'!$C33:$Z$47,1,FALSE)& CHAR(10),HLOOKUP("*"&$D$1&"*",'Horário - Ensino Médio'!$C33:$Z$47,$A5,FALSE)),"Janela"))),CONCATENATE(HLOOKUP("*"&$D$1&"*",'Horário - Graduação'!$C45:$AW$65,1,FALSE)& CHAR(10),HLOOKUP("*"&$D$1&"*",'Horário - Graduação'!$C45:$AW$65,$B5,FALSE)," + OUTRO")),IFERROR(CONCAT(HLOOKUP("*"&$D$1&"*",'Horário - Graduação'!$C45:$AW$65,1,FALSE)& CHAR(10),HLOOKUP("*"&$D$1&"*",'Horário - Graduação'!$C45:$AW$65,$B5,FALSE)),IFERROR(CONCAT(HLOOKUP("*"&$D$1&"*",'Horário - Ensino Médio'!$C33:$Z$47,1,FALSE)& CHAR(10),HLOOKUP("*"&$D$1&"*",'Horário - Ensino Médio'!$C33:$Z$47,$A5,FALSE)),"Janela"))) -> Redes de comput. (Jamerson Jardel) (Lab. Redes) 3º ANO A - Informática | G5: =IF((COUNTIF('Horário - Graduação'!$C66:$AW66,"*"&$D$1&"*")+COUNTIF('Horário - Ensino Médio'!$C48:$Z48,"*"&$D$1&"*"))>1,IF(COUNTIF('Horário - Ensino Médio'!$C48:$Z48,"*"&$D$1&"*")>0,CONCAT("[CHOQUE] - ",IFERROR(CONCAT(HLOOKUP("*"&$D$1&"*",'Horário - Graduação'!$C66:$AW$86,1,FALSE)& CHAR(10),HLOOKUP("*"&$D$1&"*",'Horário - Graduação'!$C66:$AW$86,$B5,FALSE)),IFERROR(CONCAT(HLOOKUP("*"&$D$1&"*",'Horário - Ensino Médio'!$C48:$Z$62,1,FALSE)& CHAR(10),HLOOKUP("*"&$D$1&"*",'Horário - Ensino Médio'!$C48:$Z$62,$A5,FALSE)),"Janela"))),CONCATENATE(HLOOKUP("*"&$D$1&"*",'Horário - Graduação'!$C66:$AW$86,1,FALSE)& CHAR(10),HLOOKUP("*"&$D$1&"*",'Horário - Graduação'!$C66:$AW$86,$B5,FALSE)," + OUTRO")),IFERROR(CONCAT(HLOOKUP("*"&$D$1&"*",'Horário - Graduação'!$C66:$AW$86,1,FALSE)& CHAR(10),HLOOKUP("*"&$D$1&"*",'Horário - Graduação'!$C66:$AW$86,$B5,FALSE)),IFERROR(CONCAT(HLOOKUP("*"&$D$1&"*",'Horário - Ensino Médio'!$C48:$Z$62,1,FALSE)& CHAR(10),HLOOKUP("*"&$D$1&"*",'Horário - Ensino Médio'!$C48:$Z$62,$A5,FALSE)),"Janela"))) -> Janela | H5: =IF((COUNTIF('Horário - Graduação'!$C87:$AW87,"*"&$D$1&"*")+COUNTIF('Horário - Ensino Médio'!$C63:$Z63,"*"&$D$1&"*"))>1,IF(COUNTIF('Horário - Ensino Médio'!$C63:$Z63,"*"&$D$1&"*")>0,CONCAT("[CHOQUE] - ",IFERROR(CONCAT(HLOOKUP("*"&$D$1&"*",'Horário - Graduação'!$C87:$AW$107,1,FALSE)& CHAR(10),HLOOKUP("*"&$D$1&"*",'Horário - Graduação'!$C87:$AW$107,$B5,FALSE)),IFERROR(CONCAT(HLOOKUP("*"&$D$1&"*",'Horário - Ensino Médio'!$C63:$Z$77,1,FALSE)& CHAR(10),HLOOKUP("*"&$D$1&"*",'Horário - Ensino Médio'!$C63:$Z$77,$A5,FALSE)),"Janela"))),CONCATENATE(HLOOKUP("*"&$D$1&"*",'Horário - Graduação'!$C87:$AW$107,1,FALSE)& CHAR(10),HLOOKUP("*"&$D$1&"*",'Horário - Graduação'!$C87:$AW$107,$B5,FALSE)," + OUTRO")),IFERROR(CONCAT(HLOOKUP("*"&$D$1&"*",'Horário - Graduação'!$C87:$AW$107,1,FALSE)& CHAR(10),HLOOKUP("*"&$D$1&"*",'Horário - Graduação'!$C87:$AW$107,$B5,FALSE)),IFERROR(CONCAT(HLOOKUP("*"&$D$1&"*",'Horário - Ensino Médio'!$C63:$Z$77,1,FALSE)& CHAR(10),HLOOKUP("*"&$D$1&"*",'Horário - Ensino Médio'!$C63:$Z$77,$A5,FALSE)),"Janela"))) -> Redes de comput. (Jamerson Jardel) (Lab. Redes) 3º ANO B - Informática
A6: 14 | B6: 20 | C6: 08:10 - 09:00 | D6: =IF((COUNTIF('Horário - Graduação'!$C4:$AW4,"*"&$D$1&"*")+COUNTIF('Horário - Ensino Médio'!$C4:$Z4,"*"&$D$1&"*"))>1,IF(COUNTIF('Horário - Ensino Médio'!$C4:$Z4,"*"&$D$1&"*")>0,CONCAT("[CHOQUE] - ",IFERROR(CONCAT(HLOOKUP("*"&$D$1&"*",'Horário - Graduação'!$C4:$AW$23,1,FALSE)& CHAR(10),HLOOKUP("*"&$D$1&"*",'Horário - Graduação'!$C4:$AW$23,$B6,FALSE)),IFERROR(CONCAT(HLOOKUP("*"&$D$1&"*",'Horário - Ensino Médio'!$C4:$Z$17,1,FALSE)& CHAR(10),HLOOKUP("*"&$D$1&"*",'Horário - Ensino Médio'!$C4:$Z$17,$A6,FALSE)),"Janela"))),CONCATENATE(HLOOKUP("*"&$D$1&"*",'Horário - Graduação'!$C4:$AW$23,1,FALSE)& CHAR(10),HLOOKUP("*"&$D$1&"*",'Horário - Graduação'!$C4:$AW$23,$B6,FALSE)," + OUTRO")),IFERROR(CONCAT(HLOOKUP("*"&$D$1&"*",'Horário - Graduação'!$C4:$AW$23,1,FALSE)& CHAR(10),HLOOKUP("*"&$D$1&"*",'Horário - Graduação'!$C4:$AW$23,$B6,FALSE)),IFERROR(CONCAT(HLOOKUP("*"&$D$1&"*",'Horário - Ensino Médio'!$C4:$Z$17,1,FALSE)& CHAR(10),HLOOKUP("*"&$D$1&"*",'Horário - Ensino Médio'!$C4:$Z$17,$A6,FALSE)),"Janela"))) -> Janela | E6: =IF((COUNTIF('Horário - Graduação'!$C25:$AW25,"*"&$D$1&"*")+COUNTIF('Horário - Ensino Médio'!$C19:$Z19,"*"&$D$1&"*"))>1,IF(COUNTIF('Horário - Ensino Médio'!$C19:$Z19,"*"&$D$1&"*")>0,CONCAT("[CHOQUE] - ",IFERROR(CONCAT(HLOOKUP("*"&$D$1&"*",'Horário - Graduação'!$C25:$AW$44,1,FALSE)& CHAR(10),HLOOKUP("*"&$D$1&"*",'Horário - Graduação'!$C25:$AW$44,$B6,FALSE)),IFERROR(CONCAT(HLOOKUP("*"&$D$1&"*",'Horário - Ensino Médio'!$C19:$Z$32,1,FALSE)& CHAR(10),HLOOKUP("*"&$D$1&"*",'Horário - Ensino Médio'!$C19:$Z$32,$A6,FALSE)),"Janela"))),CONCATENATE(HLOOKUP("*"&$D$1&"*",'Horário - Graduação'!$C25:$AW$44,1,FALSE)& CHAR(10),HLOOKUP("*"&$D$1&"*",'Horário - Graduação'!$C25:$AW$44,$B6,FALSE)," + OUTRO")),IFERROR(CONCAT(HLOOKUP("*"&$D$1&"*",'Horário - Graduação'!$C25:$AW$44,1,FALSE)& CHAR(10),HLOOKUP("*"&$D$1&"*",'Horário - Graduação'!$C25:$AW$44,$B6,FALSE)),IFERROR(CONCAT(HLOOKUP("*"&$D$1&"*",'Horário - Ensino Médio'!$C19:$Z$32,1,FALSE)& CHAR(10),HLOOKUP("*"&$D$1&"*",'Horário - Ensino Médio'!$C19:$Z$32,$A6,FALSE)),"Janela"))) -> Janela | F6: =IF((COUNTIF('Horário - Graduação'!$C46:$AW46,"*"&$D$1&"*")+COUNTIF('Horário - Ensino Médio'!$C34:$Z34,"*"&$D$1&"*"))>1,IF(COUNTIF('Horário - Ensino Médio'!$C34:$Z34,"*"&$D$1&"*")>0,CONCAT("[CHOQUE] - ",IFERROR(CONCAT(HLOOKUP("*"&$D$1&"*",'Horário - Graduação'!$C46:$AW$65,1,FALSE)& CHAR(10),HLOOKUP("*"&$D$1&"*",'Horário - Graduação'!$C46:$AW$65,$B6,FALSE)),IFERROR(CONCAT(HLOOKUP("*"&$D$1&"*",'Horário - Ensino Médio'!$C34:$Z$47,1,FALSE)& CHAR(10),HLOOKUP("*"&$D$1&"*",'Horário - Ensino Médio'!$C34:$Z$47,$A6,FALSE)),"Janela"))),CONCATENATE(HLOOKUP("*"&$D$1&"*",'Horário - Graduação'!$C46:$AW$65,1,FALSE)& CHAR(10),HLOOKUP("*"&$D$1&"*",'Horário - Graduação'!$C46:$AW$65,$B6,FALSE)," + OUTRO")),IFERROR(CONCAT(HLOOKUP("*"&$D$1&"*",'Horário - Graduação'!$C46:$AW$65,1,FALSE)& CHAR(10),HLOOKUP("*"&$D$1&"*",'Horário - Graduação'!$C46:$AW$65,$B6,FALSE)),IFERROR(CONCAT(HLOOKUP("*"&$D$1&"*",'Horário - Ensino Médio'!$C34:$Z$47,1,FALSE)& CHAR(10),HLOOKUP("*"&$D$1&"*",'Horário - Ensino Médio'!$C34:$Z$47,$A6,FALSE)),"Janela"))) -> Redes de comput. (Jamerson Jardel) (Lab. Redes) 3º ANO A - Informática | G6: =IF((COUNTIF('Horário - Graduação'!$C67:$AW67,"*"&$D$1&"*")+COUNTIF('Horário - Ensino Médio'!$C49:$Z49,"*"&$D$1&"*"))>1,IF(COUNTIF('Horário - Ensino Médio'!$C49:$Z49,"*"&$D$1&"*")>0,CONCAT("[CHOQUE] - ",IFERROR(CONCAT(HLOOKUP("*"&$D$1&"*",'Horário - Graduação'!$C67:$AW$86,1,FALSE)& CHAR(10),HLOOKUP("*"&$D$1&"*",'Horário - Graduação'!$C67:$AW$86,$B6,FALSE)),IFERROR(CONCAT(HLOOKUP("*"&$D$1&"*",'Horário - Ensino Médio'!$C49:$Z$62,1,FALSE)& CHAR(10),HLOOKUP("*"&$D$1&"*",'Horário - Ensino Médio'!$C49:$Z$62,$A6,FALSE)),"Janela"))),CONCATENATE(HLOOKUP("*"&$D$1&"*",'Horário - Graduação'!$C67:$AW$86,1,FALSE)& CHAR(10),HLOOKUP("*"&$D$1&"*",'Horário - Graduação'!$C67:$AW$86,$B6,FALSE)," + OUTRO")),IFERROR(CONCAT(HLOOKUP("*"&$D$1&"*",'Horário - Graduação'!$C67:$AW$86,1,FALSE)& CHAR(10),HLOOKUP("*"&$D$1&"*",'Horário - Graduação'!$C67:$AW$86,$B6,FALSE)),IFERROR(CONCAT(HLOOKUP("*"&$D$1&"*",'Horário - Ensino Médio'!$C49:$Z$62,1,FALSE)& CHAR(10),HLOOKUP("*"&$D$1&"*",'Horário - Ensino Médio'!$C49:$Z$62,$A6,FALSE)),"Janela"))) -> Janela | H6: =IF((COUNTIF('Horário - Graduação'!$C88:$AW88,"*"&$D$1&"*")+COUNTIF('Horário - Ensino Médio'!$C64:$Z64,"*"&$D$1&"*"))>1,IF(COUNTIF('Horário - Ensino Médio'!$C64:$Z64,"*"&$D$1&"*")>0,CONCAT("[CHOQUE] - ",IFERROR(CONCAT(HLOOKUP("*"&$D$1&"*",'Horário - Graduação'!$C88:$AW$107,1,FALSE)& CHAR(10),HLOOKUP("*"&$D$1&"*",'Horário - Graduação'!$C88:$AW$107,$B6,FALSE)),IFERROR(CONCAT(HLOOKUP("*"&$D$1&"*",'Horário - Ensino Médio'!$C64:$Z$77,1,FALSE)& CHAR(10),HLOOKUP("*"&$D$1&"*",'Horário - Ensino Médio'!$C64:$Z$77,$A6,FALSE)),"Janela"))),CONCATENATE(HLOOKUP("*"&$D$1&"*",'Horário - Graduação'!$C88:$AW$107,1,FALSE)& CHAR(10),HLOOKUP("*"&$D$1&"*",'Horário - Graduação'!$C88:$AW$107,$B6,FALSE)," + OUTRO")),IFERROR(CONCAT(HLOOKUP("*"&$D$1&"*",'Horário - Graduação'!$C88:$AW$107,1,FALSE)& CHAR(10),HLOOKUP("*"&$D$1&"*",'Horário - Graduação'!$C88:$AW$107,$B6,FALSE)),IFERROR(CONCAT(HLOOKUP("*"&$D$1&"*",'Horário - Ensino Médio'!$C64:$Z$77,1,FALSE)& CHAR(10),HLOOKUP("*"&$D$1&"*",'Horário - Ensino Médio'!$C64:$Z$77,$A6,FALSE)),"Janela"))) -> Redes de comput. (Jamerson Jardel) (Lab. Redes) 3º ANO B - Informática
A7: 13 | B7: 19 | C7: INTERVALO | D7: INTERVALO | E7: INTERVALO | F7: INTERVALO | G7: INTERVALO | H7: INTERVALO
A8: 12 | B8: 18 | C8: 09:20 - 10:10 | D8: =IF((COUNTIF('Horário - Graduação'!$C6:$AW6,"*"&$D$1&"*")+COUNTIF('Horário - Ensino Médio'!$C6:$Z6,"*"&$D$1&"*"))>1,IF(COUNTIF('Horário - Ensino Médio'!$C6:$Z6,"*"&$D$1&"*")>0,CONCAT("[CHOQUE] - ",IFERROR(CONCAT(HLOOKUP("*"&$D$1&"*",'Horário - Graduação'!$C6:$AW$23,1,FALSE)& CHAR(10),HLOOKUP("*"&$D$1&"*",'Horário - Graduação'!$C6:$AW$23,$B8,FALSE)),IFERROR(CONCAT(HLOOKUP("*"&$D$1&"*",'Horário - Ensino Médio'!$C6:$Z$17,1,FALSE)& CHAR(10),HLOOKUP("*"&$D$1&"*",'Horário - Ensino Médio'!$C6:$Z$17,$A8,FALSE)),"Janela"))),CONCATENATE(HLOOKUP("*"&$D$1&"*",'Horário - Graduação'!$C6:$AW$23,1,FALSE)& CHAR(10),HLOOKUP("*"&$D$1&"*",'Horário - Graduação'!$C6:$AW$23,$B8,FALSE)," + OUTRO")),IFERROR(CONCAT(HLOOKUP("*"&$D$1&"*",'Horário - Graduação'!$C6:$AW$23,1,FALSE)& CHAR(10),HLOOKUP("*"&$D$1&"*",'Horário - Graduação'!$C6:$AW$23,$B8,FALSE)),IFERROR(CONCAT(HLOOKUP("*"&$D$1&"*",'Horário - Ensino Médio'!$C6:$Z$17,1,FALSE)& CHAR(10),HLOOKUP("*"&$D$1&"*",'Horário - Ensino Médio'!$C6:$Z$17,$A8,FALSE)),"Janela"))) -> Janela | E8: =IF((COUNTIF('Horário - Graduação'!$C27:$AW27,"*"&$D$1&"*")+COUNTIF('Horário - Ensino Médio'!$C21:$Z21,"*"&$D$1&"*"))>1,IF(COUNTIF('Horário - Ensino Médio'!$C21:$Z21,"*"&$D$1&"*")>0,CONCAT("[CHOQUE] - ",IFERROR(CONCAT(HLOOKUP("*"&$D$1&"*",'Horário - Graduação'!$C27:$AW$44,1,FALSE)& CHAR(10),HLOOKUP("*"&$D$1&"*",'Horário - Graduação'!$C27:$AW$44,$B8,FALSE)),IFERROR(CONCAT(HLOOKUP("*"&$D$1&"*",'Horário - Ensino Médio'!$C21:$Z$32,1,FALSE)& CHAR(10),HLOOKUP("*"&$D$1&"*",'Horário - Ensino Médio'!$C21:$Z$32,$A8,FALSE)),"Janela"))),CONCATENATE(HLOOKUP("*"&$D$1&"*",'Horário - Graduação'!$C27:$AW$44,1,FALSE)& CHAR(10),HLOOKUP("*"&$D$1&"*",'Horário - Graduação'!$C27:$AW$44,$B8,FALSE)," + OUTRO")),IFERROR(CONCAT(HLOOKUP("*"&$D$1&"*",'Horário - Graduação'!$C27:$AW$44,1,FALSE)& CHAR(10),HLOOKUP("*"&$D$1&"*",'Horário - Graduação'!$C27:$AW$44,$B8,FALSE)),IFERROR(CONCAT(HLOOKUP("*"&$D$1&"*",'Horário - Ensino Médio'!$C21:$Z$32,1,FALSE)& CHAR(10),HLOOKUP("*"&$D$1&"*",'Horário - Ensino Médio'!$C21:$Z$32,$A8,FALSE)),"Janela"))) -> Janela | F8: =IF((COUNTIF('Horário - Graduação'!$C48:$AW48,"*"&$D$1&"*")+COUNTIF('Horário - Ensino Médio'!$C36:$Z36,"*"&$D$1&"*"))>1,IF(COUNTIF('Horário - Ensino Médio'!$C36:$Z36,"*"&$D$1&"*")>0,CONCAT("[CHOQUE] - ",IFERROR(CONCAT(HLOOKUP("*"&$D$1&"*",'Horário - Graduação'!$C48:$AW$65,1,FALSE)& CHAR(10),HLOOKUP("*"&$D$1&"*",'Horário - Graduação'!$C48:$AW$65,$B8,FALSE)),IFERROR(CONCAT(HLOOKUP("*"&$D$1&"*",'Horário - Ensino Médio'!$C36:$Z$47,1,FALSE)& CHAR(10),HLOOKUP("*"&$D$1&"*",'Horário - Ensino Médio'!$C36:$Z$47,$A8,FALSE)),"Janela"))),CONCATENATE(HLOOKUP("*"&$D$1&"*",'Horário - Graduação'!$C48:$AW$65,1,FALSE)& CHAR(10),HLOOKUP("*"&$D$1&"*",'Horário - Graduação'!$C48:$AW$65,$B8,FALSE)," + OUTRO")),IFERROR(CONCAT(HLOOKUP("*"&$D$1&"*",'Horário - Graduação'!$C48:$AW$65,1,FALSE)& CHAR(10),HLOOKUP("*"&$D$1&"*",'Horário - Graduação'!$C48:$AW$65,$B8,FALSE)),IFERROR(CONCAT(HLOOKUP("*"&$D$1&"*",'Horário - Ensino Médio'!$C36:$Z$47,1,FALSE)& CHAR(10),HLOOKUP("*"&$D$1&"*",'Horário - Ensino Médio'!$C36:$Z$47,$A8,FALSE)),"Janela"))) -> Redes de comput. (Jamerson Jardel) (Lab. Redes) 3º ANO B - Informática | G8: =IF((COUNTIF('Horário - Graduação'!$C69:$AW69,"*"&$D$1&"*")+COUNTIF('Horário - Ensino Médio'!$C51:$Z51,"*"&$D$1&"*"))>1,IF(COUNTIF('Horário - Ensino Médio'!$C51:$Z51,"*"&$D$1&"*")>0,CONCAT("[CHOQUE] - ",IFERROR(CONCAT(HLOOKUP("*"&$D$1&"*",'Horário - Graduação'!$C69:$AW$86,1,FALSE)& CHAR(10),HLOOKUP("*"&$D$1&"*",'Horário - Graduação'!$C69:$AW$86,$B8,FALSE)),IFERROR(CONCAT(HLOOKUP("*"&$D$1&"*",'Horário - Ensino Médio'!$C51:$Z$62,1,FALSE)& CHAR(10),HLOOKUP("*"&$D$1&"*",'Horário - Ensino Médio'!$C51:$Z$62,$A8,FALSE)),"Janela"))),CONCATENATE(HLOOKUP("*"&$D$1&"*",'Horário - Graduação'!$C69:$AW$86,1,FALSE)& CHAR(10),HLOOKUP("*"&$D$1&"*",'Horário - Graduação'!$C69:$AW$86,$B8,FALSE)," + OUTRO")),IFERROR(CONCAT(HLOOKUP("*"&$D$1&"*",'Horário - Graduação'!$C69:$AW$86,1,FALSE)& CHAR(10),HLOOKUP("*"&$D$1&"*",'Horário - Graduação'!$C69:$AW$86,$B8,FALSE)),IFERROR(CONCAT(HLOOKUP("*"&$D$1&"*",'Horário - Ensino Médio'!$C51:$Z$62,1,FALSE)& CHAR(10),HLOOKUP("*"&$D$1&"*",'Horário - Ensino Médio'!$C51:$Z$62,$A8,FALSE)),"Janela"))) -> Janela | H8: =IF((COUNTIF('Horário - Graduação'!$C90:$AW90,"*"&$D$1&"*")+COUNTIF('Horário - Ensino Médio'!$C66:$Z66,"*"&$D$1&"*"))>1,IF(COUNTIF('Horário - Ensino Médio'!$C66:$Z66,"*"&$D$1&"*")>0,CONCAT("[CHOQUE] - ",IFERROR(CONCAT(HLOOKUP("*"&$D$1&"*",'Horário - Graduação'!$C90:$AW$107,1,FALSE)& CHAR(10),HLOOKUP("*"&$D$1&"*",'Horário - Graduação'!$C90:$AW$107,$B8,FALSE)),IFERROR(CONCAT(HLOOKUP("*"&$D$1&"*",'Horário - Ensino Médio'!$C66:$Z$77,1,FALSE)& CHAR(10),HLOOKUP("*"&$D$1&"*",'Horário - Ensino Médio'!$C66:$Z$77,$A8,FALSE)),"Janela"))),CONCATENATE(HLOOKUP("*"&$D$1&"*",'Horário - Graduação'!$C90:$AW$107,1,FALSE)& CHAR(10),HLOOKUP("*"&$D$1&"*",'Horário - Graduação'!$C90:$AW$107,$B8,FALSE)," + OUTRO")),IFERROR(CONCAT(HLOOKUP("*"&$D$1&"*",'Horário - Graduação'!$C90:$AW$107,1,FALSE)& CHAR(10),HLOOKUP("*"&$D$1&"*",'Horário - Graduação'!$C90:$AW$107,$B8,FALSE)),IFERROR(CONCAT(HLOOKUP("*"&$D$1&"*",'Horário - Ensino Médio'!$C66:$Z$77,1,FALSE)& CHAR(10),HLOOKUP("*"&$D$1&"*",'Horário - Ensino Médio'!$C66:$Z$77,$A8,FALSE)),"Janela"))) -> Redes de comput. (Jamerson Jardel) (Lab. Redes) 3º ANO A - Informática
A9: 11 | B9: 17 | C9: 10:10 - 11:00 | D9: =IF((COUNTIF('Horário - Graduação'!$C7:$AW7,"*"&$D$1&"*")+COUNTIF('Horário - Ensino Médio'!$C7:$Z7,"*"&$D$1&"*"))>1,IF(COUNTIF('Horário - Ensino Médio'!$C7:$Z7,"*"&$D$1&"*")>0,CONCAT("[CHOQUE] - ",IFERROR(CONCAT(HLOOKUP("*"&$D$1&"*",'Horário - Graduação'!$C7:$AW$23,1,FALSE)& CHAR(10),HLOOKUP("*"&$D$1&"*",'Horário - Graduação'!$C7:$AW$23,$B9,FALSE)),IFERROR(CONCAT(HLOOKUP("*"&$D$1&"*",'Horário - Ensino Médio'!$C7:$Z$17,1,FALSE)& CHAR(10),HLOOKUP("*"&$D$1&"*",'Horário - Ensino Médio'!$C7:$Z$17,$A9,FALSE)),"Janela"))),CONCATENATE(HLOOKUP("*"&$D$1&"*",'Horário - Graduação'!$C7:$AW$23,1,FALSE)& CHAR(10),HLOOKUP("*"&$D$1&"*",'Horário - Graduação'!$C7:$AW$23,$B9,FALSE)," + OUTRO")),IFERROR(CONCAT(HLOOKUP("*"&$D$1&"*",'Horário - Graduação'!$C7:$AW$23,1,FALSE)& CHAR(10),HLOOKUP("*"&$D$1&"*",'Horário - Graduação'!$C7:$AW$23,$B9,FALSE)),IFERROR(CONCAT(HLOOKUP("*"&$D$1&"*",'Horário - Ensino Médio'!$C7:$Z$17,1,FALSE)& CHAR(10),HLOOKUP("*"&$D$1&"*",'Horário - Ensino Médio'!$C7:$Z$17,$A9,FALSE)),"Janela"))) -> Janela | E9: =IF((COUNTIF('Horário - Graduação'!$C28:$AW28,"*"&$D$1&"*")+COUNTIF('Horário - Ensino Médio'!$C22:$Z22,"*"&$D$1&"*"))>1,IF(COUNTIF('Horário - Ensino Médio'!$C22:$Z22,"*"&$D$1&"*")>0,CONCAT("[CHOQUE] - ",IFERROR(CONCAT(HLOOKUP("*"&$D$1&"*",'Horário - Graduação'!$C28:$AW$44,1,FALSE)& CHAR(10),HLOOKUP("*"&$D$1&"*",'Horário - Graduação'!$C28:$AW$44,$B9,FALSE)),IFERROR(CONCAT(HLOOKUP("*"&$D$1&"*",'Horário - Ensino Médio'!$C22:$Z$32,1,FALSE)& CHAR(10),HLOOKUP("*"&$D$1&"*",'Horário - Ensino Médio'!$C22:$Z$32,$A9,FALSE)),"Janela"))),CONCATENATE(HLOOKUP("*"&$D$1&"*",'Horário - Graduação'!$C28:$AW$44,1,FALSE)& CHAR(10),HLOOKUP("*"&$D$1&"*",'Horário - Graduação'!$C28:$AW$44,$B9,FALSE)," + OUTRO")),IFERROR(CONCAT(HLOOKUP("*"&$D$1&"*",'Horário - Graduação'!$C28:$AW$44,1,FALSE)& CHAR(10),HLOOKUP("*"&$D$1&"*",'Horário - Graduação'!$C28:$AW$44,$B9,FALSE)),IFERROR(CONCAT(HLOOKUP("*"&$D$1&"*",'Horário - Ensino Médio'!$C22:$Z$32,1,FALSE)& CHAR(10),HLOOKUP("*"&$D$1&"*",'Horário - Ensino Médio'!$C22:$Z$32,$A9,FALSE)),"Janela"))) -> Janela | F9: =IF((COUNTIF('Horário - Graduação'!$C49:$AW49,"*"&$D$1&"*")+COUNTIF('Horário - Ensino Médio'!$C37:$Z37,"*"&$D$1&"*"))>1,IF(COUNTIF('Horário - Ensino Médio'!$C37:$Z37,"*"&$D$1&"*")>0,CONCAT("[CHOQUE] - ",IFERROR(CONCAT(HLOOKUP("*"&$D$1&"*",'Horário - Graduação'!$C49:$AW$65,1,FALSE)& CHAR(10),HLOOKUP("*"&$D$1&"*",'Horário - Graduação'!$C49:$AW$65,$B9,FALSE)),IFERROR(CONCAT(HLOOKUP("*"&$D$1&"*",'Horário - Ensino Médio'!$C37:$Z$47,1,FALSE)& CHAR(10),HLOOKUP("*"&$D$1&"*",'Horário - Ensino Médio'!$C37:$Z$47,$A9,FALSE)),"Janela"))),CONCATENATE(HLOOKUP("*"&$D$1&"*",'Horário - Graduação'!$C49:$AW$65,1,FALSE)& CHAR(10),HLOOKUP("*"&$D$1&"*",'Horário - Graduação'!$C49:$AW$65,$B9,FALSE)," + OUTRO")),IFERROR(CONCAT(HLOOKUP("*"&$D$1&"*",'Horário - Graduação'!$C49:$AW$65,1,FALSE)& CHAR(10),HLOOKUP("*"&$D$1&"*",'Horário - Graduação'!$C49:$AW$65,$B9,FALSE)),IFERROR(CONCAT(HLOOKUP("*"&$D$1&"*",'Horário - Ensino Médio'!$C37:$Z$47,1,FALSE)& CHAR(10),HLOOKUP("*"&$D$1&"*",'Horário - Ensino Médio'!$C37:$Z$47,$A9,FALSE)),"Janela"))) -> Redes de comput. (Jamerson Jardel) (Lab. Redes) 3º ANO B - Informática | G9: =IF((COUNTIF('Horário - Graduação'!$C70:$AW70,"*"&$D$1&"*")+COUNTIF('Horário - Ensino Médio'!$C52:$Z52,"*"&$D$1&"*"))>1,IF(COUNTIF('Horário - Ensino Médio'!$C52:$Z52,"*"&$D$1&"*")>0,CONCAT("[CHOQUE] - ",IFERROR(CONCAT(HLOOKUP("*"&$D$1&"*",'Horário - Graduação'!$C70:$AW$86,1,FALSE)& CHAR(10),HLOOKUP("*"&$D$1&"*",'Horário - Graduação'!$C70:$AW$86,$B9,FALSE)),IFERROR(CONCAT(HLOOKUP("*"&$D$1&"*",'Horário - Ensino Médio'!$C52:$Z$62,1,FALSE)& CHAR(10),HLOOKUP("*"&$D$1&"*",'Horário - Ensino Médio'!$C52:$Z$62,$A9,FALSE)),"Janela"))),CONCATENATE(HLOOKUP("*"&$D$1&"*",'Horário - Graduação'!$C70:$AW$86,1,FALSE)& CHAR(10),HLOOKUP("*"&$D$1&"*",'Horário - Graduação'!$C70:$AW$86,$B9,FALSE)," + OUTRO")),IFERROR(CONCAT(HLOOKUP("*"&$D$1&"*",'Horário - Graduação'!$C70:$AW$86,1,FALSE)& CHAR(10),HLOOKUP("*"&$D$1&"*",'Horário - Graduação'!$C70:$AW$86,$B9,FALSE)),IFERROR(CONCAT(HLOOKUP("*"&$D$1&"*",'Horário - Ensino Médio'!$C52:$Z$62,1,FALSE)& CHAR(10),HLOOKUP("*"&$D$1&"*",'Horário - Ensino Médio'!$C52:$Z$62,$A9,FALSE)),"Janela"))) -> Janela | H9: =IF((COUNTIF('Horário - Graduação'!$C91:$AW91,"*"&$D$1&"*")+COUNTIF('Horário - Ensino Médio'!$C67:$Z67,"*"&$D$1&"*"))>1,IF(COUNTIF('Horário - Ensino Médio'!$C67:$Z67,"*"&$D$1&"*")>0,CONCAT("[CHOQUE] - ",IFERROR(CONCAT(HLOOKUP("*"&$D$1&"*",'Horário - Graduação'!$C91:$AW$107,1,FALSE)& CHAR(10),HLOOKUP("*"&$D$1&"*",'Horário - Graduação'!$C91:$AW$107,$B9,FALSE)),IFERROR(CONCAT(HLOOKUP("*"&$D$1&"*",'Horário - Ensino Médio'!$C67:$Z$77,1,FALSE)& CHAR(10),HLOOKUP("*"&$D$1&"*",'Horário - Ensino Médio'!$C67:$Z$77,$A9,FALSE)),"Janela"))),CONCATENATE(HLOOKUP("*"&$D$1&"*",'Horário - Graduação'!$C91:$AW$107,1,FALSE)& CHAR(10),HLOOKUP("*"&$D$1&"*",'Horário - Graduação'!$C91:$AW$107,$B9,FALSE)," + OUTRO")),IFERROR(CONCAT(HLOOKUP("*"&$D$1&"*",'Horário - Graduação'!$C91:$AW$107,1,FALSE)& CHAR(10),HLOOKUP("*"&$D$1&"*",'Horário - Graduação'!$C91:$AW$107,$B9,FALSE)),IFERROR(CONCAT(HLOOKUP("*"&$D$1&"*",'Horário - Ensino Médio'!$C67:$Z$77,1,FALSE)& CHAR(10),HLOOKUP("*"&$D$1&"*",'Horário - Ensino Médio'!$C67:$Z$77,$A9,FALSE)),"Janela"))) -> Redes de comput. (Jamerson Jardel) (Lab. Redes) 3º ANO A - Informática
A10: 10 | B10: 16 | C10: 11:00 - 11:50 | D10: =IF((COUNTIF('Horário - Graduação'!$C8:$AW8,"*"&$D$1&"*")+COUNTIF('Horário - Ensino Médio'!$C8:$Z8,"*"&$D$1&"*"))>1,IF(COUNTIF('Horário - Ensino Médio'!$C8:$Z8,"*"&$D$1&"*")>0,CONCAT("[CHOQUE] - ",IFERROR(CONCAT(HLOOKUP("*"&$D$1&"*",'Horário - Graduação'!$C8:$AW$23,1,FALSE)& CHAR(10),HLOOKUP("*"&$D$1&"*",'Horário - Graduação'!$C8:$AW$23,$B10,FALSE)),IFERROR(CONCAT(HLOOKUP("*"&$D$1&"*",'Horário - Ensino Médio'!$C8:$Z$17,1,FALSE)& CHAR(10),HLOOKUP("*"&$D$1&"*",'Horário - Ensino Médio'!$C8:$Z$17,$A10,FALSE)),"Janela"))),CONCATENATE(HLOOKUP("*"&$D$1&"*",'Horário - Graduação'!$C8:$AW$23,1,FALSE)& CHAR(10),HLOOKUP("*"&$D$1&"*",'Horário - Graduação'!$C8:$AW$23,$B10,FALSE)," + OUTRO")),IFERROR(CONCAT(HLOOKUP("*"&$D$1&"*",'Horário - Graduação'!$C8:$AW$23,1,FALSE)& CHAR(10),HLOOKUP("*"&$D$1&"*",'Horário - Graduação'!$C8:$AW$23,$B10,FALSE)),IFERROR(CONCAT(HLOOKUP("*"&$D$1&"*",'Horário - Ensino Médio'!$C8:$Z$17,1,FALSE)& CHAR(10),HLOOKUP("*"&$D$1&"*",'Horário - Ensino Médio'!$C8:$Z$17,$A10,FALSE)),"Janela"))) -> Janela | E10: =IF((COUNTIF('Horário - Graduação'!$C29:$AW29,"*"&$D$1&"*")+COUNTIF('Horário - Ensino Médio'!$C23:$Z23,"*"&$D$1&"*"))>1,IF(COUNTIF('Horário - Ensino Médio'!$C23:$Z23,"*"&$D$1&"*")>0,CONCAT("[CHOQUE] - ",IFERROR(CONCAT(HLOOKUP("*"&$D$1&"*",'Horário - Graduação'!$C29:$AW$44,1,FALSE)& CHAR(10),HLOOKUP("*"&$D$1&"*",'Horário - Graduação'!$C29:$AW$44,$B10,FALSE)),IFERROR(CONCAT(HLOOKUP("*"&$D$1&"*",'Horário - Ensino Médio'!$C23:$Z$32,1,FALSE)& CHAR(10),HLOOKUP("*"&$D$1&"*",'Horário - Ensino Médio'!$C23:$Z$32,$A10,FALSE)),"Janela"))),CONCATENATE(HLOOKUP("*"&$D$1&"*",'Horário - Graduação'!$C29:$AW$44,1,FALSE)& CHAR(10),HLOOKUP("*"&$D$1&"*",'Horário - Graduação'!$C29:$AW$44,$B10,FALSE)," + OUTRO")),IFERROR(CONCAT(HLOOKUP("*"&$D$1&"*",'Horário - Graduação'!$C29:$AW$44,1,FALSE)& CHAR(10),HLOOKUP("*"&$D$1&"*",'Horário - Graduação'!$C29:$AW$44,$B10,FALSE)),IFERROR(CONCAT(HLOOKUP("*"&$D$1&"*",'Horário - Ensino Médio'!$C23:$Z$32,1,FALSE)& CHAR(10),HLOOKUP("*"&$D$1&"*",'Horário - Ensino Médio'!$C23:$Z$32,$A10,FALSE)),"Janela"))) -> Janela | F10: =IF((COUNTIF('Horário - Graduação'!$C50:$AW50,"*"&$D$1&"*")+COUNTIF('Horário - Ensino Médio'!$C38:$Z38,"*"&$D$1&"*"))>1,IF(COUNTIF('Horário - Ensino Médio'!$C38:$Z38,"*"&$D$1&"*")>0,CONCAT("[CHOQUE] - ",IFERROR(CONCAT(HLOOKUP("*"&$D$1&"*",'Horário - Graduação'!$C50:$AW$65,1,FALSE)& CHAR(10),HLOOKUP("*"&$D$1&"*",'Horário - Graduação'!$C50:$AW$65,$B10,FALSE)),IFERROR(CONCAT(HLOOKUP("*"&$D$1&"*",'Horário - Ensino Médio'!$C38:$Z$47,1,FALSE)& CHAR(10),HLOOKUP("*"&$D$1&"*",'Horário - Ensino Médio'!$C38:$Z$47,$A10,FALSE)),"Janela"))),CONCATENATE(HLOOKUP("*"&$D$1&"*",'Horário - Graduação'!$C50:$AW$65,1,FALSE)& CHAR(10),HLOOKUP("*"&$D$1&"*",'Horário - Graduação'!$C50:$AW$65,$B10,FALSE)," + OUTRO")),IFERROR(CONCAT(HLOOKUP("*"&$D$1&"*",'Horário - Graduação'!$C50:$AW$65,1,FALSE)& CHAR(10),HLOOKUP("*"&$D$1&"*",'Horário - Graduação'!$C50:$AW$65,$B10,FALSE)),IFERROR(CONCAT(HLOOKUP("*"&$D$1&"*",'Horário - Ensino Médio'!$C38:$Z$47,1,FALSE)& CHAR(10),HLOOKUP("*"&$D$1&"*",'Horário - Ensino Médio'!$C38:$Z$47,$A10,FALSE)),"Janela"))) -> Redes de comput. (Jamerson Jardel) (Lab. Redes) 3º ANO B - Informática | G10: =IF((COUNTIF('Horário - Graduação'!$C71:$AW71,"*"&$D$1&"*")+COUNTIF('Horário - Ensino Médio'!$C53:$Z53,"*"&$D$1&"*"))>1,IF(COUNTIF('Horário - Ensino Médio'!$C53:$Z53,"*"&$D$1&"*")>0,CONCAT("[CHOQUE] - ",IFERROR(CONCAT(HLOOKUP("*"&$D$1&"*",'Horário - Graduação'!$C71:$AW$86,1,FALSE)& CHAR(10),HLOOKUP("*"&$D$1&"*",'Horário - Graduação'!$C71:$AW$86,$B10,FALSE)),IFERROR(CONCAT(HLOOKUP("*"&$D$1&"*",'Horário - Ensino Médio'!$C53:$Z$62,1,FALSE)& CHAR(10),HLOOKUP("*"&$D$1&"*",'Horário - Ensino Médio'!$C53:$Z$62,$A10,FALSE)),"Janela"))),CONCATENATE(HLOOKUP("*"&$D$1&"*",'Horário - Graduação'!$C71:$AW$86,1,FALSE)& CHAR(10),HLOOKUP("*"&$D$1&"*",'Horário - Graduação'!$C71:$AW$86,$B10,FALSE)," + OUTRO")),IFERROR(CONCAT(HLOOKUP("*"&$D$1&"*",'Horário - Graduação'!$C71:$AW$86,1,FALSE)& CHAR(10),HLOOKUP("*"&$D$1&"*",'Horário - Graduação'!$C71:$AW$86,$B10,FALSE)),IFERROR(CONCAT(HLOOKUP("*"&$D$1&"*",'Horário - Ensino Médio'!$C53:$Z$62,1,FALSE)& CHAR(10),HLOOKUP("*"&$D$1&"*",'Horário - Ensino Médio'!$C53:$Z$62,$A10,FALSE)),"Janela"))) -> Janela | H10: =IF((COUNTIF('Horário - Graduação'!$C92:$AW92,"*"&$D$1&"*")+COUNTIF('Horário - Ensino Médio'!$C68:$Z68,"*"&$D$1&"*"))>1,IF(COUNTIF('Horário - Ensino Médio'!$C68:$Z68,"*"&$D$1&"*")>0,CONCAT("[CHOQUE] - ",IFERROR(CONCAT(HLOOKUP("*"&$D$1&"*",'Horário - Graduação'!$C92:$AW$107,1,FALSE)& CHAR(10),HLOOKUP("*"&$D$1&"*",'Horário - Graduação'!$C92:$AW$107,$B10,FALSE)),IFERROR(CONCAT(HLOOKUP("*"&$D$1&"*",'Horário - Ensino Médio'!$C68:$Z$77,1,FALSE)& CHAR(10),HLOOKUP("*"&$D$1&"*",'Horário - Ensino Médio'!$C68:$Z$77,$A10,FALSE)),"Janela"))),CONCATENATE(HLOOKUP("*"&$D$1&"*",'Horário - Graduação'!$C92:$AW$107,1,FALSE)& CHAR(10),HLOOKUP("*"&$D$1&"*",'Horário - Graduação'!$C92:$AW$107,$B10,FALSE)," + OUTRO")),IFERROR(CONCAT(HLOOKUP("*"&$D$1&"*",'Horário - Graduação'!$C92:$AW$107,1,FALSE)& CHAR(10),HLOOKUP("*"&$D$1&"*",'Horário - Graduação'!$C92:$AW$107,$B10,FALSE)),IFERROR(CONCAT(HLOOKUP("*"&$D$1&"*",'Horário - Ensino Médio'!$C68:$Z$77,1,FALSE)& CHAR(10),HLOOKUP("*"&$D$1&"*",'Horário - Ensino Médio'!$C68:$Z$77,$A10,FALSE)),"Janela"))) -> Redes de comput. (Jamerson Jardel) (Lab. Redes) 3º ANO A - Informática
A11: 9 | B11: 15 | C11: ALMOÇO | D11: ALMOÇO | E11: ALMOÇO | F11: ALMOÇO | G11: ALMOÇO | H11: ALMOÇO
A12: 8 | B12: 14 | C12: 13:20 - 14:10 | D12: =IF((COUNTIF('Horário - Graduação'!$C10:$AW10,"*"&$D$1&"*")+COUNTIF('Horário - Ensino Médio'!$C10:$Z10,"*"&$D$1&"*"))>1,IF(COUNTIF('Horário - Ensino Médio'!$C10:$Z10,"*"&$D$1&"*")>0,CONCAT("[CHOQUE] - ",IFERROR(CONCAT(HLOOKUP("*"&$D$1&"*",'Horário - Graduação'!$C10:$AW$23,1,FALSE)& CHAR(10),HLOOKUP("*"&$D$1&"*",'Horário - Graduação'!$C10:$AW$23,$B12,FALSE)),IFERROR(CONCAT(HLOOKUP("*"&$D$1&"*",'Horário - Ensino Médio'!$C10:$Z$17,1,FALSE)& CHAR(10),HLOOKUP("*"&$D$1&"*",'Horário - Ensino Médio'!$C10:$Z$17,$A12,FALSE)),"Janela"))),CONCATENATE(HLOOKUP("*"&$D$1&"*",'Horário - Graduação'!$C10:$AW$23,1,FALSE)& CHAR(10),HLOOKUP("*"&$D$1&"*",'Horário - Graduação'!$C10:$AW$23,$B12,FALSE)," + OUTRO")),IFERROR(CONCAT(HLOOKUP("*"&$D$1&"*",'Horário - Graduação'!$C10:$AW$23,1,FALSE)& CHAR(10),HLOOKUP("*"&$D$1&"*",'Horário - Graduação'!$C10:$AW$23,$B12,FALSE)),IFERROR(CONCAT(HLOOKUP("*"&$D$1&"*",'Horário - Ensino Médio'!$C10:$Z$17,1,FALSE)& CHAR(10),HLOOKUP("*"&$D$1&"*",'Horário - Ensino Médio'!$C10:$Z$17,$A12,FALSE)),"Janela"))) -> Janela | E12: =IF((COUNTIF('Horário - Graduação'!$C31:$AW31,"*"&$D$1&"*")+COUNTIF('Horário - Ensino Médio'!$C25:$Z25,"*"&$D$1&"*"))>1,IF(COUNTIF('Horário - Ensino Médio'!$C25:$Z25,"*"&$D$1&"*")>0,CONCAT("[CHOQUE] - ",IFERROR(CONCAT(HLOOKUP("*"&$D$1&"*",'Horário - Graduação'!$C31:$AW$44,1,FALSE)& CHAR(10),HLOOKUP("*"&$D$1&"*",'Horário - Graduação'!$C31:$AW$44,$B12,FALSE)),IFERROR(CONCAT(HLOOKUP("*"&$D$1&"*",'Horário - Ensino Médio'!$C25:$Z$32,1,FALSE)& CHAR(10),HLOOKUP("*"&$D$1&"*",'Horário - Ensino Médio'!$C25:$Z$32,$A12,FALSE)),"Janela"))),CONCATENATE(HLOOKUP("*"&$D$1&"*",'Horário - Graduação'!$C31:$AW$44,1,FALSE)& CHAR(10),HLOOKUP("*"&$D$1&"*",'Horário - Graduação'!$C31:$AW$44,$B12,FALSE)," + OUTRO")),IFERROR(CONCAT(HLOOKUP("*"&$D$1&"*",'Horário - Graduação'!$C31:$AW$44,1,FALSE)& CHAR(10),HLOOKUP("*"&$D$1&"*",'Horário - Graduação'!$C31:$AW$44,$B12,FALSE)),IFERROR(CONCAT(HLOOKUP("*"&$D$1&"*",'Horário - Ensino Médio'!$C25:$Z$32,1,FALSE)& CHAR(10),HLOOKUP("*"&$D$1&"*",'Horário - Ensino Médio'!$C25:$Z$32,$A12,FALSE)),"Janela"))) -> Janela | F12: =IF((COUNTIF('Horário - Graduação'!$C52:$AW52,"*"&$D$1&"*")+COUNTIF('Horário - Ensino Médio'!$C40:$Z40,"*"&$D$1&"*"))>1,IF(COUNTIF('Horário - Ensino Médio'!$C40:$Z40,"*"&$D$1&"*")>0,CONCAT("[CHOQUE] - ",IFERROR(CONCAT(HLOOKUP("*"&$D$1&"*",'Horário - Graduação'!$C52:$AW$65,1,FALSE)& CHAR(10),HLOOKUP("*"&$D$1&"*",'Horário - Graduação'!$C52:$AW$65,$B12,FALSE)),IFERROR(CONCAT(HLOOKUP("*"&$D$1&"*",'Horário - Ensino Médio'!$C40:$Z$47,1,FALSE)& CHAR(10),HLOOKUP("*"&$D$1&"*",'Horário - Ensino Médio'!$C40:$Z$47,$A12,FALSE)),"Janela"))),CONCATENATE(HLOOKUP("*"&$D$1&"*",'Horário - Graduação'!$C52:$AW$65,1,FALSE)& CHAR(10),HLOOKUP("*"&$D$1&"*",'Horário - Graduação'!$C52:$AW$65,$B12,FALSE)," + OUTRO")),IFERROR(CONCAT(HLOOKUP("*"&$D$1&"*",'Horário - Graduação'!$C52:$AW$65,1,FALSE)& CHAR(10),HLOOKUP("*"&$D$1&"*",'Horário - Graduação'!$C52:$AW$65,$B12,FALSE)),IFERROR(CONCAT(HLOOKUP("*"&$D$1&"*",'Horário - Ensino Médio'!$C40:$Z$47,1,FALSE)& CHAR(10),HLOOKUP("*"&$D$1&"*",'Horário - Ensino Médio'!$C40:$Z$47,$A12,FALSE)),"Janela"))) -> Administração de Serviços de Redes de Computadores (Jamerson Jardel) (Lab. Redes) 6º PERÍODO Sist. de Informação | G12: =IF((COUNTIF('Horário - Graduação'!$C73:$AW73,"*"&$D$1&"*")+COUNTIF('Horário - Ensino Médio'!$C55:$Z55,"*"&$D$1&"*"))>1,IF(COUNTIF('Horário - Ensino Médio'!$C55:$Z55,"*"&$D$1&"*")>0,CONCAT("[CHOQUE] - ",IFERROR(CONCAT(HLOOKUP("*"&$D$1&"*",'Horário - Graduação'!$C73:$AW$86,1,FALSE)& CHAR(10),HLOOKUP("*"&$D$1&"*",'Horário - Graduação'!$C73:$AW$86,$B12,FALSE)),IFERROR(CONCAT(HLOOKUP("*"&$D$1&"*",'Horário - Ensino Médio'!$C55:$Z$62,1,FALSE)& CHAR(10),HLOOKUP("*"&$D$1&"*",'Horário - Ensino Médio'!$C55:$Z$62,$A12,FALSE)),"Janela"))),CONCATENATE(HLOOKUP("*"&$D$1&"*",'Horário - Graduação'!$C73:$AW$86,1,FALSE)& CHAR(10),HLOOKUP("*"&$D$1&"*",'Horário - Graduação'!$C73:$AW$86,$B12,FALSE)," + OUTRO")),IFERROR(CONCAT(HLOOKUP("*"&$D$1&"*",'Horário - Graduação'!$C73:$AW$86,1,FALSE)& CHAR(10),HLOOKUP("*"&$D$1&"*",'Horário - Graduação'!$C73:$AW$86,$B12,FALSE)),IFERROR(CONCAT(HLOOKUP("*"&$D$1&"*",'Horário - Ensino Médio'!$C55:$Z$62,1,FALSE)& CHAR(10),HLOOKUP("*"&$D$1&"*",'Horário - Ensino Médio'!$C55:$Z$62,$A12,FALSE)),"Janela"))) -> Administração de Serviços de Redes de Computadores (Jamerson Jardel) (Lab. Redes) 6º PERÍODO Sist. de Informação | H12: =IF((COUNTIF('Horário - Graduação'!$C94:$AW94,"*"&$D$1&"*")+COUNTIF(#REF!,"*"&$D$1&"*"))>1,IF(COUNTIF(#REF!,"*"&$D$1&"*")>0,CONCAT("[CHOQUE] - ",IFERROR(CONCAT(HLOOKUP("*"&$D$1&"*",'Horário - Graduação'!$C94:$AW$107,1,FALSE)& CHAR(10),HLOOKUP("*"&$D$1&"*",'Horário - Graduação'!$C94:$AW$107,$B12,FALSE)),IFERROR(CONCAT(HLOOKUP("*"&$D$1&"*",'Horário - Ensino Médio'!$C75:$Z$77,1,FALSE)& CHAR(10),HLOOKUP("*"&$D$1&"*",'Horário - Ensino Médio'!$C75:$Z$77,$A12,FALSE)),"Janela"))),CONCATENATE(HLOOKUP("*"&$D$1&"*",'Horário - Graduação'!$C94:$AW$107,1,FALSE)& CHAR(10),HLOOKUP("*"&$D$1&"*",'Horário - Graduação'!$C94:$AW$107,$B12,FALSE)," + OUTRO")),IFERROR(CONCAT(HLOOKUP("*"&$D$1&"*",'Horário - Graduação'!$C94:$AW$107,1,FALSE)& CHAR(10),HLOOKUP("*"&$D$1&"*",'Horário - Graduação'!$C94:$AW$107,$B12,FALSE)),IFERROR(CONCAT(HLOOKUP("*"&$D$1&"*",'Horário - Ensino Médio'!$C75:$Z$77,1,FALSE)& CHAR(10),HLOOKUP("*"&$D$1&"*",'Horário - Ensino Médio'!$C75:$Z$77,$A12,FALSE)),"Janela"))) -> #REF!
A13: 7 | B13: 13 | C13: 14:10 - 15:00 | D13: =IF((COUNTIF('Horário - Graduação'!$C11:$AW11,"*"&$D$1&"*")+COUNTIF('Horário - Ensino Médio'!$C11:$Z11,"*"&$D$1&"*"))>1,IF(COUNTIF('Horário - Ensino Médio'!$C11:$Z11,"*"&$D$1&"*")>0,CONCAT("[CHOQUE] - ",IFERROR(CONCAT(HLOOKUP("*"&$D$1&"*",'Horário - Graduação'!$C11:$AW$23,1,FALSE)& CHAR(10),HLOOKUP("*"&$D$1&"*",'Horário - Graduação'!$C11:$AW$23,$B13,FALSE)),IFERROR(CONCAT(HLOOKUP("*"&$D$1&"*",'Horário - Ensino Médio'!$C11:$Z$17,1,FALSE)& CHAR(10),HLOOKUP("*"&$D$1&"*",'Horário - Ensino Médio'!$C11:$Z$17,$A13,FALSE)),"Janela"))),CONCATENATE(HLOOKUP("*"&$D$1&"*",'Horário - Graduação'!$C11:$AW$23,1,FALSE)& CHAR(10),HLOOKUP("*"&$D$1&"*",'Horário - Graduação'!$C11:$AW$23,$B13,FALSE)," + OUTRO")),IFERROR(CONCAT(HLOOKUP("*"&$D$1&"*",'Horário - Graduação'!$C11:$AW$23,1,FALSE)& CHAR(10),HLOOKUP("*"&$D$1&"*",'Horário - Graduação'!$C11:$AW$23,$B13,FALSE)),IFERROR(CONCAT(HLOOKUP("*"&$D$1&"*",'Horário - Ensino Médio'!$C11:$Z$17,1,FALSE)& CHAR(10),HLOOKUP("*"&$D$1&"*",'Horário - Ensino Médio'!$C11:$Z$17,$A13,FALSE)),"Janela"))) -> Janela | E13: =IF((COUNTIF('Horário - Graduação'!$C32:$AW32,"*"&$D$1&"*")+COUNTIF('Horário - Ensino Médio'!$C26:$Z26,"*"&$D$1&"*"))>1,IF(COUNTIF('Horário - Ensino Médio'!$C26:$Z26,"*"&$D$1&"*")>0,CONCAT("[CHOQUE] - ",IFERROR(CONCAT(HLOOKUP("*"&$D$1&"*",'Horário - Graduação'!$C32:$AW$44,1,FALSE)& CHAR(10),HLOOKUP("*"&$D$1&"*",'Horário - Graduação'!$C32:$AW$44,$B13,FALSE)),IFERROR(CONCAT(HLOOKUP("*"&$D$1&"*",'Horário - Ensino Médio'!$C26:$Z$32,1,FALSE)& CHAR(10),HLOOKUP("*"&$D$1&"*",'Horário - Ensino Médio'!$C26:$Z$32,$A13,FALSE)),"Janela"))),CONCATENATE(HLOOKUP("*"&$D$1&"*",'Horário - Graduação'!$C32:$AW$44,1,FALSE)& CHAR(10),HLOOKUP("*"&$D$1&"*",'Horário - Graduação'!$C32:$AW$44,$B13,FALSE)," + OUTRO")),IFERROR(CONCAT(HLOOKUP("*"&$D$1&"*",'Horário - Graduação'!$C32:$AW$44,1,FALSE)& CHAR(10),HLOOKUP("*"&$D$1&"*",'Horário - Graduação'!$C32:$AW$44,$B13,FALSE)),IFERROR(CONCAT(HLOOKUP("*"&$D$1&"*",'Horário - Ensino Médio'!$C26:$Z$32,1,FALSE)& CHAR(10),HLOOKUP("*"&$D$1&"*",'Horário - Ensino Médio'!$C26:$Z$32,$A13,FALSE)),"Janela"))) -> Janela | F13: =IF((COUNTIF('Horário - Graduação'!$C53:$AW53,"*"&$D$1&"*")+COUNTIF('Horário - Ensino Médio'!$C41:$Z41,"*"&$D$1&"*"))>1,IF(COUNTIF('Horário - Ensino Médio'!$C41:$Z41,"*"&$D$1&"*")>0,CONCAT("[CHOQUE] - ",IFERROR(CONCAT(HLOOKUP("*"&$D$1&"*",'Horário - Graduação'!$C53:$AW$65,1,FALSE)& CHAR(10),HLOOKUP("*"&$D$1&"*",'Horário - Graduação'!$C53:$AW$65,$B13,FALSE)),IFERROR(CONCAT(HLOOKUP("*"&$D$1&"*",'Horário - Ensino Médio'!$C41:$Z$47,1,FALSE)& CHAR(10),HLOOKUP("*"&$D$1&"*",'Horário - Ensino Médio'!$C41:$Z$47,$A13,FALSE)),"Janela"))),CONCATENATE(HLOOKUP("*"&$D$1&"*",'Horário - Graduação'!$C53:$AW$65,1,FALSE)& CHAR(10),HLOOKUP("*"&$D$1&"*",'Horário - Graduação'!$C53:$AW$65,$B13,FALSE)," + OUTRO")),IFERROR(CONCAT(HLOOKUP("*"&$D$1&"*",'Horário - Graduação'!$C53:$AW$65,1,FALSE)& CHAR(10),HLOOKUP("*"&$D$1&"*",'Horário - Graduação'!$C53:$AW$65,$B13,FALSE)),IFERROR(CONCAT(HLOOKUP("*"&$D$1&"*",'Horário - Ensino Médio'!$C41:$Z$47,1,FALSE)& CHAR(10),HLOOKUP("*"&$D$1&"*",'Horário - Ensino Médio'!$C41:$Z$47,$A13,FALSE)),"Janela"))) -> Administração de Serviços de Redes de Computadores (Jamerson Jardel) (Lab. Redes) 6º PERÍODO Sist. de Informação | G13: =IF((COUNTIF('Horário - Graduação'!$C74:$AW74,"*"&$D$1&"*")+COUNTIF('Horário - Ensino Médio'!$C56:$Z56,"*"&$D$1&"*"))>1,IF(COUNTIF('Horário - Ensino Médio'!$C56:$Z56,"*"&$D$1&"*")>0,CONCAT("[CHOQUE] - ",IFERROR(CONCAT(HLOOKUP("*"&$D$1&"*",'Horário - Graduação'!$C74:$AW$86,1,FALSE)& CHAR(10),HLOOKUP("*"&$D$1&"*",'Horário - Graduação'!$C74:$AW$86,$B13,FALSE)),IFERROR(CONCAT(HLOOKUP("*"&$D$1&"*",'Horário - Ensino Médio'!$C56:$Z$62,1,FALSE)& CHAR(10),HLOOKUP("*"&$D$1&"*",'Horário - Ensino Médio'!$C56:$Z$62,$A13,FALSE)),"Janela"))),CONCATENATE(HLOOKUP("*"&$D$1&"*",'Horário - Graduação'!$C74:$AW$86,1,FALSE)& CHAR(10),HLOOKUP("*"&$D$1&"*",'Horário - Graduação'!$C74:$AW$86,$B13,FALSE)," + OUTRO")),IFERROR(CONCAT(HLOOKUP("*"&$D$1&"*",'Horário - Graduação'!$C74:$AW$86,1,FALSE)& CHAR(10),HLOOKUP("*"&$D$1&"*",'Horário - Graduação'!$C74:$AW$86,$B13,FALSE)),IFERROR(CONCAT(HLOOKUP("*"&$D$1&"*",'Horário - Ensino Médio'!$C56:$Z$62,1,FALSE)& CHAR(10),HLOOKUP("*"&$D$1&"*",'Horário - Ensino Médio'!$C56:$Z$62,$A13,FALSE)),"Janela"))) -> Administração de Serviços de Redes de Computadores (Jamerson Jardel) (Lab. Redes) 6º PERÍODO Sist. de Informação | H13: =IF((COUNTIF('Horário - Graduação'!$C95:$AW95,"*"&$D$1&"*")+COUNTIF(#REF!,"*"&$D$1&"*"))>1,IF(COUNTIF(#REF!,"*"&$D$1&"*")>0,CONCAT("[CHOQUE] - ",IFERROR(CONCAT(HLOOKUP("*"&$D$1&"*",'Horário - Graduação'!$C95:$AW$107,1,FALSE)& CHAR(10),HLOOKUP("*"&$D$1&"*",'Horário - Graduação'!$C95:$AW$107,$B13,FALSE)),IFERROR(CONCAT(HLOOKUP("*"&$D$1&"*",'Horário - Ensino Médio'!$C75:$Z$77,1,FALSE)& CHAR(10),HLOOKUP("*"&$D$1&"*",'Horário - Ensino Médio'!$C75:$Z$77,$A13,FALSE)),"Janela"))),CONCATENATE(HLOOKUP("*"&$D$1&"*",'Horário - Graduação'!$C95:$AW$107,1,FALSE)& CHAR(10),HLOOKUP("*"&$D$1&"*",'Horário - Graduação'!$C95:$AW$107,$B13,FALSE)," + OUTRO")),IFERROR(CONCAT(HLOOKUP("*"&$D$1&"*",'Horário - Graduação'!$C95:$AW$107,1,FALSE)& CHAR(10),HLOOKUP("*"&$D$1&"*",'Horário - Graduação'!$C95:$AW$107,$B13,FALSE)),IFERROR(CONCAT(HLOOKUP("*"&$D$1&"*",'Horário - Ensino Médio'!$C75:$Z$77,1,FALSE)& CHAR(10),HLOOKUP("*"&$D$1&"*",'Horário - Ensino Médio'!$C75:$Z$77,$A13,FALSE)),"Janela"))) -> #REF!
A14: 6 | B14: 12 | C14: INTERVALO | D14: INTERVALO | E14: INTERVALO | F14: INTERVALO | G14: INTERVALO | H14: INTERVALO
A15: 5 | B15: 11 | C15: 15:20 - 16:10 | D15: =IF((COUNTIF('Horário - Graduação'!$C13:$AW13,"*"&$D$1&"*")+COUNTIF('Horário - Ensino Médio'!$C13:$Z13,"*"&$D$1&"*"))>1,IF(COUNTIF('Horário - Ensino Médio'!$C13:$Z13,"*"&$D$1&"*")>0,CONCAT("[CHOQUE] - ",IFERROR(CONCAT(HLOOKUP("*"&$D$1&"*",'Horário - Graduação'!$C13:$AW$23,1,FALSE)& CHAR(10),HLOOKUP("*"&$D$1&"*",'Horário - Graduação'!$C13:$AW$23,$B15,FALSE)),IFERROR(CONCAT(HLOOKUP("*"&$D$1&"*",'Horário - Ensino Médio'!$C13:$Z$17,1,FALSE)& CHAR(10),HLOOKUP("*"&$D$1&"*",'Horário - Ensino Médio'!$C13:$Z$17,$A15,FALSE)),"Janela"))),CONCATENATE(HLOOKUP("*"&$D$1&"*",'Horário - Graduação'!$C13:$AW$23,1,FALSE)& CHAR(10),HLOOKUP("*"&$D$1&"*",'Horário - Graduação'!$C13:$AW$23,$B15,FALSE)," + OUTRO")),IFERROR(CONCAT(HLOOKUP("*"&$D$1&"*",'Horário - Graduação'!$C13:$AW$23,1,FALSE)& CHAR(10),HLOOKUP("*"&$D$1&"*",'Horário - Graduação'!$C13:$AW$23,$B15,FALSE)),IFERROR(CONCAT(HLOOKUP("*"&$D$1&"*",'Horário - Ensino Médio'!$C13:$Z$17,1,FALSE)& CHAR(10),HLOOKUP("*"&$D$1&"*",'Horário - Ensino Médio'!$C13:$Z$17,$A15,FALSE)),"Janela"))) -> Janela | E15: =IF((COUNTIF('Horário - Graduação'!$C34:$AW34,"*"&$D$1&"*")+COUNTIF('Horário - Ensino Médio'!$C28:$Z28,"*"&$D$1&"*"))>1,IF(COUNTIF('Horário - Ensino Médio'!$C28:$Z28,"*"&$D$1&"*")>0,CONCAT("[CHOQUE] - ",IFERROR(CONCAT(HLOOKUP("*"&$D$1&"*",'Horário - Graduação'!$C34:$AW$44,1,FALSE)& CHAR(10),HLOOKUP("*"&$D$1&"*",'Horário - Graduação'!$C34:$AW$44,$B15,FALSE)),IFERROR(CONCAT(HLOOKUP("*"&$D$1&"*",'Horário - Ensino Médio'!$C28:$Z$32,1,FALSE)& CHAR(10),HLOOKUP("*"&$D$1&"*",'Horário - Ensino Médio'!$C28:$Z$32,$A15,FALSE)),"Janela"))),CONCATENATE(HLOOKUP("*"&$D$1&"*",'Horário - Graduação'!$C34:$AW$44,1,FALSE)& CHAR(10),HLOOKUP("*"&$D$1&"*",'Horário - Graduação'!$C34:$AW$44,$B15,FALSE)," + OUTRO")),IFERROR(CONCAT(HLOOKUP("*"&$D$1&"*",'Horário - Graduação'!$C34:$AW$44,1,FALSE)& CHAR(10),HLOOKUP("*"&$D$1&"*",'Horário - Graduação'!$C34:$AW$44,$B15,FALSE)),IFERROR(CONCAT(HLOOKUP("*"&$D$1&"*",'Horário - Ensino Médio'!$C28:$Z$32,1,FALSE)& CHAR(10),HLOOKUP("*"&$D$1&"*",'Horário - Ensino Médio'!$C28:$Z$32,$A15,FALSE)),"Janela"))) -> Janela | F15: =IF((COUNTIF('Horário - Graduação'!$C55:$AW55,"*"&$D$1&"*")+COUNTIF('Horário - Ensino Médio'!$C43:$Z43,"*"&$D$1&"*"))>1,IF(COUNTIF('Horário - Ensino Médio'!$C43:$Z43,"*"&$D$1&"*")>0,CONCAT("[CHOQUE] - ",IFERROR(CONCAT(HLOOKUP("*"&$D$1&"*",'Horário - Graduação'!$C55:$AW$65,1,FALSE)& CHAR(10),HLOOKUP("*"&$D$1&"*",'Horário - Graduação'!$C55:$AW$65,$B15,FALSE)),IFERROR(CONCAT(HLOOKUP("*"&$D$1&"*",'Horário - Ensino Médio'!$C43:$Z$47,1,FALSE)& CHAR(10),HLOOKUP("*"&$D$1&"*",'Horário - Ensino Médio'!$C43:$Z$47,$A15,FALSE)),"Janela"))),CONCATENATE(HLOOKUP("*"&$D$1&"*",'Horário - Graduação'!$C55:$AW$65,1,FALSE)& CHAR(10),HLOOKUP("*"&$D$1&"*",'Horário - Graduação'!$C55:$AW$65,$B15,FALSE)," + OUTRO")),IFERROR(CONCAT(HLOOKUP("*"&$D$1&"*",'Horário - Graduação'!$C55:$AW$65,1,FALSE)& CHAR(10),HLOOKUP("*"&$D$1&"*",'Horário - Graduação'!$C55:$AW$65,$B15,FALSE)),IFERROR(CONCAT(HLOOKUP("*"&$D$1&"*",'Horário - Ensino Médio'!$C43:$Z$47,1,FALSE)& CHAR(10),HLOOKUP("*"&$D$1&"*",'Horário - Ensino Médio'!$C43:$Z$47,$A15,FALSE)),"Janela"))) -> Janela | G15: =IF((COUNTIF('Horário - Graduação'!$C76:$AW76,"*"&$D$1&"*")+COUNTIF('Horário - Ensino Médio'!$C58:$Z58,"*"&$D$1&"*"))>1,IF(COUNTIF('Horário - Ensino Médio'!$C58:$Z58,"*"&$D$1&"*")>0,CONCAT("[CHOQUE] - ",IFERROR(CONCAT(HLOOKUP("*"&$D$1&"*",'Horário - Graduação'!$C76:$AW$86,1,FALSE)& CHAR(10),HLOOKUP("*"&$D$1&"*",'Horário - Graduação'!$C76:$AW$86,$B15,FALSE)),IFERROR(CONCAT(HLOOKUP("*"&$D$1&"*",'Horário - Ensino Médio'!$C58:$Z$62,1,FALSE)& CHAR(10),HLOOKUP("*"&$D$1&"*",'Horário - Ensino Médio'!$C58:$Z$62,$A15,FALSE)),"Janela"))),CONCATENATE(HLOOKUP("*"&$D$1&"*",'Horário - Graduação'!$C76:$AW$86,1,FALSE)& CHAR(10),HLOOKUP("*"&$D$1&"*",'Horário - Graduação'!$C76:$AW$86,$B15,FALSE)," + OUTRO")),IFERROR(CONCAT(HLOOKUP("*"&$D$1&"*",'Horário - Graduação'!$C76:$AW$86,1,FALSE)& CHAR(10),HLOOKUP("*"&$D$1&"*",'Horário - Graduação'!$C76:$AW$86,$B15,FALSE)),IFERROR(CONCAT(HLOOKUP("*"&$D$1&"*",'Horário - Ensino Médio'!$C58:$Z$62,1,FALSE)& CHAR(10),HLOOKUP("*"&$D$1&"*",'Horário - Ensino Médio'!$C58:$Z$62,$A15,FALSE)),"Janela"))) -> Janela | H15: =IF((COUNTIF('Horário - Graduação'!$C97:$AW97,"*"&$D$1&"*")+COUNTIF(#REF!,"*"&$D$1&"*"))>1,IF(COUNTIF(#REF!,"*"&$D$1&"*")>0,CONCAT("[CHOQUE] - ",IFERROR(CONCAT(HLOOKUP("*"&$D$1&"*",'Horário - Graduação'!$C97:$AW$107,1,FALSE)& CHAR(10),HLOOKUP("*"&$D$1&"*",'Horário - Graduação'!$C97:$AW$107,$B15,FALSE)),IFERROR(CONCAT(HLOOKUP("*"&$D$1&"*",'Horário - Ensino Médio'!$C75:$Z$77,1,FALSE)& CHAR(10),HLOOKUP("*"&$D$1&"*",'Horário - Ensino Médio'!$C75:$Z$77,$A15,FALSE)),"Janela"))),CONCATENATE(HLOOKUP("*"&$D$1&"*",'Horário - Graduação'!$C97:$AW$107,1,FALSE)& CHAR(10),HLOOKUP("*"&$D$1&"*",'Horário - Graduação'!$C97:$AW$107,$B15,FALSE)," + OUTRO")),IFERROR(CONCAT(HLOOKUP("*"&$D$1&"*",'Horário - Graduação'!$C97:$AW$107,1,FALSE)& CHAR(10),HLOOKUP("*"&$D$1&"*",'Horário - Graduação'!$C97:$AW$107,$B15,FALSE)),IFERROR(CONCAT(HLOOKUP("*"&$D$1&"*",'Horário - Ensino Médio'!$C75:$Z$77,1,FALSE)& CHAR(10),HLOOKUP("*"&$D$1&"*",'Horário - Ensino Médio'!$C75:$Z$77,$A15,FALSE)),"Janela"))) -> #REF!
A16: 4 | B16: 10 | C16: 16:10 - 17:00 | D16: =IF((COUNTIF('Horário - Graduação'!$C14:$AW14,"*"&$D$1&"*")+COUNTIF('Horário - Ensino Médio'!$C14:$Z14,"*"&$D$1&"*"))>1,IF(COUNTIF('Horário - Ensino Médio'!$C14:$Z14,"*"&$D$1&"*")>0,CONCAT("[CHOQUE] - ",IFERROR(CONCAT(HLOOKUP("*"&$D$1&"*",'Horário - Graduação'!$C14:$AW$23,1,FALSE)& CHAR(10),HLOOKUP("*"&$D$1&"*",'Horário - Graduação'!$C14:$AW$23,$B16,FALSE)),IFERROR(CONCAT(HLOOKUP("*"&$D$1&"*",'Horário - Ensino Médio'!$C14:$Z$17,1,FALSE)& CHAR(10),HLOOKUP("*"&$D$1&"*",'Horário - Ensino Médio'!$C14:$Z$17,$A16,FALSE)),"Janela"))),CONCATENATE(HLOOKUP("*"&$D$1&"*",'Horário - Graduação'!$C14:$AW$23,1,FALSE)& CHAR(10),HLOOKUP("*"&$D$1&"*",'Horário - Graduação'!$C14:$AW$23,$B16,FALSE)," + OUTRO")),IFERROR(CONCAT(HLOOKUP("*"&$D$1&"*",'Horário - Graduação'!$C14:$AW$23,1,FALSE)& CHAR(10),HLOOKUP("*"&$D$1&"*",'Horário - Graduação'!$C14:$AW$23,$B16,FALSE)),IFERROR(CONCAT(HLOOKUP("*"&$D$1&"*",'Horário - Ensino Médio'!$C14:$Z$17,1,FALSE)& CHAR(10),HLOOKUP("*"&$D$1&"*",'Horário - Ensino Médio'!$C14:$Z$17,$A16,FALSE)),"Janela"))) -> Janela | E16: =IF((COUNTIF('Horário - Graduação'!$C35:$AW35,"*"&$D$1&"*")+COUNTIF('Horário - Ensino Médio'!$C29:$Z29,"*"&$D$1&"*"))>1,IF(COUNTIF('Horário - Ensino Médio'!$C29:$Z29,"*"&$D$1&"*")>0,CONCAT("[CHOQUE] - ",IFERROR(CONCAT(HLOOKUP("*"&$D$1&"*",'Horário - Graduação'!$C35:$AW$44,1,FALSE)& CHAR(10),HLOOKUP("*"&$D$1&"*",'Horário - Graduação'!$C35:$AW$44,$B16,FALSE)),IFERROR(CONCAT(HLOOKUP("*"&$D$1&"*",'Horário - Ensino Médio'!$C29:$Z$32,1,FALSE)& CHAR(10),HLOOKUP("*"&$D$1&"*",'Horário - Ensino Médio'!$C29:$Z$32,$A16,FALSE)),"Janela"))),CONCATENATE(HLOOKUP("*"&$D$1&"*",'Horário - Graduação'!$C35:$AW$44,1,FALSE)& CHAR(10),HLOOKUP("*"&$D$1&"*",'Horário - Graduação'!$C35:$AW$44,$B16,FALSE)," + OUTRO")),IFERROR(CONCAT(HLOOKUP("*"&$D$1&"*",'Horário - Graduação'!$C35:$AW$44,1,FALSE)& CHAR(10),HLOOKUP("*"&$D$1&"*",'Horário - Graduação'!$C35:$AW$44,$B16,FALSE)),IFERROR(CONCAT(HLOOKUP("*"&$D$1&"*",'Horário - Ensino Médio'!$C29:$Z$32,1,FALSE)& CHAR(10),HLOOKUP("*"&$D$1&"*",'Horário - Ensino Médio'!$C29:$Z$32,$A16,FALSE)),"Janela"))) -> Janela | F16: =IF((COUNTIF('Horário - Graduação'!$C56:$AW56,"*"&$D$1&"*")+COUNTIF('Horário - Ensino Médio'!$C44:$Z44,"*"&$D$1&"*"))>1,IF(COUNTIF('Horário - Ensino Médio'!$C44:$Z44,"*"&$D$1&"*")>0,CONCAT("[CHOQUE] - ",IFERROR(CONCAT(HLOOKUP("*"&$D$1&"*",'Horário - Graduação'!$C56:$AW$65,1,FALSE)& CHAR(10),HLOOKUP("*"&$D$1&"*",'Horário - Graduação'!$C56:$AW$65,$B16,FALSE)),IFERROR(CONCAT(HLOOKUP("*"&$D$1&"*",'Horário - Ensino Médio'!$C44:$Z$47,1,FALSE)& CHAR(10),HLOOKUP("*"&$D$1&"*",'Horário - Ensino Médio'!$C44:$Z$47,$A16,FALSE)),"Janela"))),CONCATENATE(HLOOKUP("*"&$D$1&"*",'Horário - Graduação'!$C56:$AW$65,1,FALSE)& CHAR(10),HLOOKUP("*"&$D$1&"*",'Horário - Graduação'!$C56:$AW$65,$B16,FALSE)," + OUTRO")),IFERROR(CONCAT(HLOOKUP("*"&$D$1&"*",'Horário - Graduação'!$C56:$AW$65,1,FALSE)& CHAR(10),HLOOKUP("*"&$D$1&"*",'Horário - Graduação'!$C56:$AW$65,$B16,FALSE)),IFERROR(CONCAT(HLOOKUP("*"&$D$1&"*",'Horário - Ensino Médio'!$C44:$Z$47,1,FALSE)& CHAR(10),HLOOKUP("*"&$D$1&"*",'Horário - Ensino Médio'!$C44:$Z$47,$A16,FALSE)),"Janela"))) -> Janela | G16: =IF((COUNTIF('Horário - Graduação'!$C77:$AW77,"*"&$D$1&"*")+COUNTIF('Horário - Ensino Médio'!$C59:$Z59,"*"&$D$1&"*"))>1,IF(COUNTIF('Horário - Ensino Médio'!$C59:$Z59,"*"&$D$1&"*")>0,CONCAT("[CHOQUE] - ",IFERROR(CONCAT(HLOOKUP("*"&$D$1&"*",'Horário - Graduação'!$C77:$AW$86,1,FALSE)& CHAR(10),HLOOKUP("*"&$D$1&"*",'Horário - Graduação'!$C77:$AW$86,$B16,FALSE)),IFERROR(CONCAT(HLOOKUP("*"&$D$1&"*",'Horário - Ensino Médio'!$C59:$Z$62,1,FALSE)& CHAR(10),HLOOKUP("*"&$D$1&"*",'Horário - Ensino Médio'!$C59:$Z$62,$A16,FALSE)),"Janela"))),CONCATENATE(HLOOKUP("*"&$D$1&"*",'Horário - Graduação'!$C77:$AW$86,1,FALSE)& CHAR(10),HLOOKUP("*"&$D$1&"*",'Horário - Graduação'!$C77:$AW$86,$B16,FALSE)," + OUTRO")),IFERROR(CONCAT(HLOOKUP("*"&$D$1&"*",'Horário - Graduação'!$C77:$AW$86,1,FALSE)& CHAR(10),HLOOKUP("*"&$D$1&"*",'Horário - Graduação'!$C77:$AW$86,$B16,FALSE)),IFERROR(CONCAT(HLOOKUP("*"&$D$1&"*",'Horário - Ensino Médio'!$C59:$Z$62,1,FALSE)& CHAR(10),HLOOKUP("*"&$D$1&"*",'Horário - Ensino Médio'!$C59:$Z$62,$A16,FALSE)),"Janela"))) -> Janela | H16: =IF((COUNTIF('Horário - Graduação'!$C98:$AW98,"*"&$D$1&"*")+COUNTIF(#REF!,"*"&$D$1&"*"))>1,IF(COUNTIF(#REF!,"*"&$D$1&"*")>0,CONCAT("[CHOQUE] - ",IFERROR(CONCAT(HLOOKUP("*"&$D$1&"*",'Horário - Graduação'!$C98:$AW$107,1,FALSE)& CHAR(10),HLOOKUP("*"&$D$1&"*",'Horário - Graduação'!$C98:$AW$107,$B16,FALSE)),IFERROR(CONCAT(HLOOKUP("*"&$D$1&"*",'Horário - Ensino Médio'!$C75:$Z$77,1,FALSE)& CHAR(10),HLOOKUP("*"&$D$1&"*",'Horário - Ensino Médio'!$C75:$Z$77,$A16,FALSE)),"Janela"))),CONCATENATE(HLOOKUP("*"&$D$1&"*",'Horário - Graduação'!$C98:$AW$107,1,FALSE)& CHAR(10),HLOOKUP("*"&$D$1&"*",'Horário - Graduação'!$C98:$AW$107,$B16,FALSE)," + OUTRO")),IFERROR(CONCAT(HLOOKUP("*"&$D$1&"*",'Horário - Graduação'!$C98:$AW$107,1,FALSE)& CHAR(10),HLOOKUP("*"&$D$1&"*",'Horário - Graduação'!$C98:$AW$107,$B16,FALSE)),IFERROR(CONCAT(HLOOKUP("*"&$D$1&"*",'Horário - Ensino Médio'!$C75:$Z$77,1,FALSE)& CHAR(10),HLOOKUP("*"&$D$1&"*",'Horário - Ensino Médio'!$C75:$Z$77,$A16,FALSE)),"Janela"))) -> #REF!
A17: 3 | B17: 9 | C17: 17:00 - 17:50 | D17: =IF((COUNTIF('Horário - Graduação'!$C15:$AW15,"*"&$D$1&"*")+COUNTIF('Horário - Ensino Médio'!$C15:$Z15,"*"&$D$1&"*"))>1,IF(COUNTIF('Horário - Ensino Médio'!$C15:$Z15,"*"&$D$1&"*")>0,CONCAT("[CHOQUE] - ",IFERROR(CONCAT(HLOOKUP("*"&$D$1&"*",'Horário - Graduação'!$C15:$AW$23,1,FALSE)& CHAR(10),HLOOKUP("*"&$D$1&"*",'Horário - Graduação'!$C15:$AW$23,$B17,FALSE)),IFERROR(CONCAT(HLOOKUP("*"&$D$1&"*",'Horário - Ensino Médio'!$C15:$Z$17,1,FALSE)& CHAR(10),HLOOKUP("*"&$D$1&"*",'Horário - Ensino Médio'!$C15:$Z$17,$A17,FALSE)),"Janela"))),CONCATENATE(HLOOKUP("*"&$D$1&"*",'Horário - Graduação'!$C15:$AW$23,1,FALSE)& CHAR(10),HLOOKUP("*"&$D$1&"*",'Horário - Graduação'!$C15:$AW$23,$B17,FALSE)," + OUTRO")),IFERROR(CONCAT(HLOOKUP("*"&$D$1&"*",'Horário - Graduação'!$C15:$AW$23,1,FALSE)& CHAR(10),HLOOKUP("*"&$D$1&"*",'Horário - Graduação'!$C15:$AW$23,$B17,FALSE)),IFERROR(CONCAT(HLOOKUP("*"&$D$1&"*",'Horário - Ensino Médio'!$C15:$Z$17,1,FALSE)& CHAR(10),HLOOKUP("*"&$D$1&"*",'Horário - Ensino Médio'!$C15:$Z$17,$A17,FALSE)),"Janela"))) -> Janela | E17: =IF((COUNTIF('Horário - Graduação'!$C36:$AW36,"*"&$D$1&"*")+COUNTIF('Horário - Ensino Médio'!$C30:$Z30,"*"&$D$1&"*"))>1,IF(COUNTIF('Horário - Ensino Médio'!$C30:$Z30,"*"&$D$1&"*")>0,CONCAT("[CHOQUE] - ",IFERROR(CONCAT(HLOOKUP("*"&$D$1&"*",'Horário - Graduação'!$C36:$AW$44,1,FALSE)& CHAR(10),HLOOKUP("*"&$D$1&"*",'Horário - Graduação'!$C36:$AW$44,$B17,FALSE)),IFERROR(CONCAT(HLOOKUP("*"&$D$1&"*",'Horário - Ensino Médio'!$C30:$Z$32,1,FALSE)& CHAR(10),HLOOKUP("*"&$D$1&"*",'Horário - Ensino Médio'!$C30:$Z$32,$A17,FALSE)),"Janela"))),CONCATENATE(HLOOKUP("*"&$D$1&"*",'Horário - Graduação'!$C36:$AW$44,1,FALSE)& CHAR(10),HLOOKUP("*"&$D$1&"*",'Horário - Graduação'!$C36:$AW$44,$B17,FALSE)," + OUTRO")),IFERROR(CONCAT(HLOOKUP("*"&$D$1&"*",'Horário - Graduação'!$C36:$AW$44,1,FALSE)& CHAR(10),HLOOKUP("*"&$D$1&"*",'Horário - Graduação'!$C36:$AW$44,$B17,FALSE)),IFERROR(CONCAT(HLOOKUP("*"&$D$1&"*",'Horário - Ensino Médio'!$C30:$Z$32,1,FALSE)& CHAR(10),HLOOKUP("*"&$D$1&"*",'Horário - Ensino Médio'!$C30:$Z$32,$A17,FALSE)),"Janela"))) -> Janela | F17: =IF((COUNTIF('Horário - Graduação'!$C57:$AW57,"*"&$D$1&"*")+COUNTIF('Horário - Ensino Médio'!$C45:$Z45,"*"&$D$1&"*"))>1,IF(COUNTIF('Horário - Ensino Médio'!$C45:$Z45,"*"&$D$1&"*")>0,CONCAT("[CHOQUE] - ",IFERROR(CONCAT(HLOOKUP("*"&$D$1&"*",'Horário - Graduação'!$C57:$AW$65,1,FALSE)& CHAR(10),HLOOKUP("*"&$D$1&"*",'Horário - Graduação'!$C57:$AW$65,$B17,FALSE)),IFERROR(CONCAT(HLOOKUP("*"&$D$1&"*",'Horário - Ensino Médio'!$C45:$Z$47,1,FALSE)& CHAR(10),HLOOKUP("*"&$D$1&"*",'Horário - Ensino Médio'!$C45:$Z$47,$A17,FALSE)),"Janela"))),CONCATENATE(HLOOKUP("*"&$D$1&"*",'Horário - Graduação'!$C57:$AW$65,1,FALSE)& CHAR(10),HLOOKUP("*"&$D$1&"*",'Horário - Graduação'!$C57:$AW$65,$B17,FALSE)," + OUTRO")),IFERROR(CONCAT(HLOOKUP("*"&$D$1&"*",'Horário - Graduação'!$C57:$AW$65,1,FALSE)& CHAR(10),HLOOKUP("*"&$D$1&"*",'Horário - Graduação'!$C57:$AW$65,$B17,FALSE)),IFERROR(CONCAT(HLOOKUP("*"&$D$1&"*",'Horário - Ensino Médio'!$C45:$Z$47,1,FALSE)& CHAR(10),HLOOKUP("*"&$D$1&"*",'Horário - Ensino Médio'!$C45:$Z$47,$A17,FALSE)),"Janela"))) -> Janela | G17: =IF((COUNTIF('Horário - Graduação'!$C78:$AW78,"*"&$D$1&"*")+COUNTIF('Horário - Ensino Médio'!$C60:$Z60,"*"&$D$1&"*"))>1,IF(COUNTIF('Horário - Ensino Médio'!$C60:$Z60,"*"&$D$1&"*")>0,CONCAT("[CHOQUE] - ",IFERROR(CONCAT(HLOOKUP("*"&$D$1&"*",'Horário - Graduação'!$C78:$AW$86,1,FALSE)& CHAR(10),HLOOKUP("*"&$D$1&"*",'Horário - Graduação'!$C78:$AW$86,$B17,FALSE)),IFERROR(CONCAT(HLOOKUP("*"&$D$1&"*",'Horário - Ensino Médio'!$C60:$Z$62,1,FALSE)& CHAR(10),HLOOKUP("*"&$D$1&"*",'Horário - Ensino Médio'!$C60:$Z$62,$A17,FALSE)),"Janela"))),CONCATENATE(HLOOKUP("*"&$D$1&"*",'Horário - Graduação'!$C78:$AW$86,1,FALSE)& CHAR(10),HLOOKUP("*"&$D$1&"*",'Horário - Graduação'!$C78:$AW$86,$B17,FALSE)," + OUTRO")),IFERROR(CONCAT(HLOOKUP("*"&$D$1&"*",'Horário - Graduação'!$C78:$AW$86,1,FALSE)& CHAR(10),HLOOKUP("*"&$D$1&"*",'Horário - Graduação'!$C78:$AW$86,$B17,FALSE)),IFERROR(CONCAT(HLOOKUP("*"&$D$1&"*",'Horário - Ensino Médio'!$C60:$Z$62,1,FALSE)& CHAR(10),HLOOKUP("*"&$D$1&"*",'Horário - Ensino Médio'!$C60:$Z$62,$A17,FALSE)),"Janela"))) -> Janela | H17: =IF((COUNTIF('Horário - Graduação'!$C99:$AW99,"*"&$D$1&"*")+COUNTIF('Horário - Ensino Médio'!$C75:$Z75,"*"&$D$1&"*"))>1,IF(COUNTIF('Horário - Ensino Médio'!$C75:$Z75,"*"&$D$1&"*")>0,CONCAT("[CHOQUE] - ",IFERROR(CONCAT(HLOOKUP("*"&$D$1&"*",'Horário - Graduação'!$C99:$AW$107,1,FALSE)& CHAR(10),HLOOKUP("*"&$D$1&"*",'Horário - Graduação'!$C99:$AW$107,$B17,FALSE)),IFERROR(CONCAT(HLOOKUP("*"&$D$1&"*",'Horário - Ensino Médio'!$C75:$Z$77,1,FALSE)& CHAR(10),HLOOKUP("*"&$D$1&"*",'Horário - Ensino Médio'!$C75:$Z$77,$A17,FALSE)),"Janela"))),CONCATENATE(HLOOKUP("*"&$D$1&"*",'Horário - Graduação'!$C99:$AW$107,1,FALSE)& CHAR(10),HLOOKUP("*"&$D$1&"*",'Horário - Graduação'!$C99:$AW$107,$B17,FALSE)," + OUTRO")),IFERROR(CONCAT(HLOOKUP("*"&$D$1&"*",'Horário - Graduação'!$C99:$AW$107,1,FALSE)& CHAR(10),HLOOKUP("*"&$D$1&"*",'Horário - Graduação'!$C99:$AW$107,$B17,FALSE)),IFERROR(CONCAT(HLOOKUP("*"&$D$1&"*",'Horário - Ensino Médio'!$C75:$Z$77,1,FALSE)& CHAR(10),HLOOKUP("*"&$D$1&"*",'Horário - Ensino Médio'!$C75:$Z$77,$A17,FALSE)),"Janela"))) -> Janela
B18: 8 | C18: INTERVALO | D18: INTERVALO | E18: INTERVALO | F18: INTERVALO | G18: INTERVALO | H18: INTERVALO
A19: 2 | B19: 7 | C19: 18:10 - 19:00 | D19: =IF((COUNTIF('Horário - Graduação'!$C17:$AW17,"*"&$D$1&"*")+COUNTIF('Horário - Ensino Médio'!$C17:$V17,"*"&$D$1&"*"))>1,IF(COUNTIF('Horário - Ensino Médio'!$C17:$V17,"*"&$D$1&"*")>0,CONCAT("[CHOQUE] - ",IFERROR(CONCAT(HLOOKUP("*"&$D$1&"*",'Horário - Graduação'!$C17:$AW$23,1,FALSE)& CHAR(10),HLOOKUP("*"&$D$1&"*",'Horário - Graduação'!$C17:$AW$23,$B19,FALSE)),IFERROR(CONCAT(HLOOKUP("*"&$D$1&"*",'Horário - Ensino Médio'!$C$17:$V17,1,FALSE)& CHAR(10),HLOOKUP("*"&$D$1&"*",'Horário - Ensino Médio'!$C$17:$V17,$A19,FALSE)),"Janela"))),CONCATENATE(HLOOKUP("*"&$D$1&"*",'Horário - Graduação'!$C17:$AW$23,1,FALSE)& CHAR(10),HLOOKUP("*"&$D$1&"*",'Horário - Graduação'!$C17:$AW$23,$B19,FALSE)," + OUTRO")),IFERROR(CONCAT(HLOOKUP("*"&$D$1&"*",'Horário - Graduação'!$C17:$AW$23,1,FALSE)& CHAR(10),HLOOKUP("*"&$D$1&"*",'Horário - Graduação'!$C17:$AW$23,$B19,FALSE)),IFERROR(CONCAT(HLOOKUP("*"&$D$1&"*",'Horário - Ensino Médio'!$C$17:$V17,1,FALSE)& CHAR(10),HLOOKUP("*"&$D$1&"*",'Horário - Ensino Médio'!$C$17:$V17,$A19,FALSE)),"Janela"))) -> Janela | E19: =IF((COUNTIF('Horário - Graduação'!$C38:$AW38,"*"&$D$1&"*")+COUNTIF('Horário - Ensino Médio'!$C32:$V32,"*"&$D$1&"*"))>1,IF(COUNTIF('Horário - Ensino Médio'!$C32:$V32,"*"&$D$1&"*")>0,CONCAT("[CHOQUE] - ",IFERROR(CONCAT(HLOOKUP("*"&$D$1&"*",'Horário - Graduação'!$C38:$AW$44,1,FALSE)& CHAR(10),HLOOKUP("*"&$D$1&"*",'Horário - Graduação'!$C38:$AW$44,$B19,FALSE)),IFERROR(CONCAT(HLOOKUP("*"&$D$1&"*",'Horário - Ensino Médio'!$C$32:$V32,1,FALSE)& CHAR(10),HLOOKUP("*"&$D$1&"*",'Horário - Ensino Médio'!$C$32:$V32,$A19,FALSE)),"Janela"))),CONCATENATE(HLOOKUP("*"&$D$1&"*",'Horário - Graduação'!$C38:$AW$44,1,FALSE)& CHAR(10),HLOOKUP("*"&$D$1&"*",'Horário - Graduação'!$C38:$AW$44,$B19,FALSE)," + OUTRO")),IFERROR(CONCAT(HLOOKUP("*"&$D$1&"*",'Horário - Graduação'!$C38:$AW$44,1,FALSE)& CHAR(10),HLOOKUP("*"&$D$1&"*",'Horário - Graduação'!$C38:$AW$44,$B19,FALSE)),IFERROR(CONCAT(HLOOKUP("*"&$D$1&"*",'Horário - Ensino Médio'!$C$32:$V32,1,FALSE)& CHAR(10),HLOOKUP("*"&$D$1&"*",'Horário - Ensino Médio'!$C$32:$V32,$A19,FALSE)),"Janela"))) -> Janela | F19: =IF((COUNTIF('Horário - Graduação'!$C59:$AW59,"*"&$D$1&"*")+COUNTIF('Horário - Ensino Médio'!$C47:$V47,"*"&$D$1&"*"))>1,IF(COUNTIF('Horário - Ensino Médio'!$C47:$V47,"*"&$D$1&"*")>0,CONCAT("[CHOQUE] - ",IFERROR(CONCAT(HLOOKUP("*"&$D$1&"*",'Horário - Graduação'!$C59:$AW$65,1,FALSE)& CHAR(10),HLOOKUP("*"&$D$1&"*",'Horário - Graduação'!$C59:$AW$65,$B19,FALSE)),IFERROR(CONCAT(HLOOKUP("*"&$D$1&"*",'Horário - Ensino Médio'!$C$47:$V47,1,FALSE)& CHAR(10),HLOOKUP("*"&$D$1&"*",'Horário - Ensino Médio'!$C$47:$V47,$A19,FALSE)),"Janela"))),CONCATENATE(HLOOKUP("*"&$D$1&"*",'Horário - Graduação'!$C59:$AW$65,1,FALSE)& CHAR(10),HLOOKUP("*"&$D$1&"*",'Horário - Graduação'!$C59:$AW$65,$B19,FALSE)," + OUTRO")),IFERROR(CONCAT(HLOOKUP("*"&$D$1&"*",'Horário - Graduação'!$C59:$AW$65,1,FALSE)& CHAR(10),HLOOKUP("*"&$D$1&"*",'Horário - Graduação'!$C59:$AW$65,$B19,FALSE)),IFERROR(CONCAT(HLOOKUP("*"&$D$1&"*",'Horário - Ensino Médio'!$C$47:$V47,1,FALSE)& CHAR(10),HLOOKUP("*"&$D$1&"*",'Horário - Ensino Médio'!$C$47:$V47,$A19,FALSE)),"Janela"))) -> Janela | G19: =IF((COUNTIF('Horário - Graduação'!$C80:$AW80,"*"&$D$1&"*")+COUNTIF('Horário - Ensino Médio'!$C62:$V62,"*"&$D$1&"*"))>1,IF(COUNTIF('Horário - Ensino Médio'!$C62:$V62,"*"&$D$1&"*")>0,CONCAT("[CHOQUE] - ",IFERROR(CONCAT(HLOOKUP("*"&$D$1&"*",'Horário - Graduação'!$C80:$AW$86,1,FALSE)& CHAR(10),HLOOKUP("*"&$D$1&"*",'Horário - Graduação'!$C80:$AW$86,$B19,FALSE)),IFERROR(CONCAT(HLOOKUP("*"&$D$1&"*",'Horário - Ensino Médio'!$C$62:$V62,1,FALSE)& CHAR(10),HLOOKUP("*"&$D$1&"*",'Horário - Ensino Médio'!$C$62:$V62,$A19,FALSE)),"Janela"))),CONCATENATE(HLOOKUP("*"&$D$1&"*",'Horário - Graduação'!$C80:$AW$86,1,FALSE)& CHAR(10),HLOOKUP("*"&$D$1&"*",'Horário - Graduação'!$C80:$AW$86,$B19,FALSE)," + OUTRO")),IFERROR(CONCAT(HLOOKUP("*"&$D$1&"*",'Horário - Graduação'!$C80:$AW$86,1,FALSE)& CHAR(10),HLOOKUP("*"&$D$1&"*",'Horário - Graduação'!$C80:$AW$86,$B19,FALSE)),IFERROR(CONCAT(HLOOKUP("*"&$D$1&"*",'Horário - Ensino Médio'!$C$62:$V62,1,FALSE)& CHAR(10),HLOOKUP("*"&$D$1&"*",'Horário - Ensino Médio'!$C$62:$V62,$A19,FALSE)),"Janela"))) -> Janela | H19: =IF((COUNTIF('Horário - Graduação'!$C101:$AW101,"*"&$D$1&"*")+COUNTIF('Horário - Ensino Médio'!$C77:$V77,"*"&$D$1&"*"))>1,IF(COUNTIF('Horário - Ensino Médio'!$C77:$V77,"*"&$D$1&"*")>0,CONCAT("[CHOQUE] - ",IFERROR(CONCAT(HLOOKUP("*"&$D$1&"*",'Horário - Graduação'!$C101:$AW$107,1,FALSE)& CHAR(10),HLOOKUP("*"&$D$1&"*",'Horário - Graduação'!$C101:$AW$107,$B19,FALSE)),IFERROR(CONCAT(HLOOKUP("*"&$D$1&"*",'Horário - Ensino Médio'!$C$77:$V77,1,FALSE)& CHAR(10),HLOOKUP("*"&$D$1&"*",'Horário - Ensino Médio'!$C$77:$V77,$A19,FALSE)),"Janela"))),CONCATENATE(HLOOKUP("*"&$D$1&"*",'Horário - Graduação'!$C101:$AW$107,1,FALSE)& CHAR(10),HLOOKUP("*"&$D$1&"*",'Horário - Graduação'!$C101:$AW$107,$B19,FALSE)," + OUTRO")),IFERROR(CONCAT(HLOOKUP("*"&$D$1&"*",'Horário - Graduação'!$C101:$AW$107,1,FALSE)& CHAR(10),HLOOKUP("*"&$D$1&"*",'Horário - Graduação'!$C101:$AW$107,$B19,FALSE)),IFERROR(CONCAT(HLOOKUP("*"&$D$1&"*",'Horário - Ensino Médio'!$C$77:$V77,1,FALSE)& CHAR(10),HLOOKUP("*"&$D$1&"*",'Horário - Ensino Médio'!$C$77:$V77,$A19,FALSE)),"Janela"))) -> Janela
B20: 6 | C20: 19:00 - 19:50 | D20: =IF(COUNTIF('Horário - Graduação'!$C18:$AW18,"*"&$D$1&"*")>1,CONCATENATE(HLOOKUP("*"&$D$1&"*",'Horário - Graduação'!$C18:$AW$23,1,FALSE)& CHAR(10),HLOOKUP("*"&$D$1&"*",'Horário - Graduação'!$C18:$AW$23,$B20,FALSE)," + OUTRO"),IFERROR(CONCAT(HLOOKUP("*"&$D$1&"*",'Horário - Graduação'!$C18:$AW$23,1,FALSE)& CHAR(10),HLOOKUP("*"&$D$1&"*",'Horário - Graduação'!$C18:$AW$23,$B20,FALSE)),"Janela")) -> Janela | E20: =IF(COUNTIF('Horário - Graduação'!$C39:$AW39,"*"&$D$1&"*")>1,CONCATENATE(HLOOKUP("*"&$D$1&"*",'Horário - Graduação'!$C39:$AW$44,1,FALSE)& CHAR(10),HLOOKUP("*"&$D$1&"*",'Horário - Graduação'!$C39:$AW$44,$B20,FALSE)," + OUTRO"),IFERROR(CONCAT(HLOOKUP("*"&$D$1&"*",'Horário - Graduação'!$C39:$AW$44,1,FALSE)& CHAR(10),HLOOKUP("*"&$D$1&"*",'Horário - Graduação'!$C39:$AW$44,$B20,FALSE)),"Janela")) -> Janela | F20: =IF(COUNTIF('Horário - Graduação'!$C60:$AW60,"*"&$D$1&"*")>1,CONCATENATE(HLOOKUP("*"&$D$1&"*",'Horário - Graduação'!$C60:$AW$65,1,FALSE)& CHAR(10),HLOOKUP("*"&$D$1&"*",'Horário - Graduação'!$C60:$AW$65,$B20,FALSE)," + OUTRO"),IFERROR(CONCAT(HLOOKUP("*"&$D$1&"*",'Horário - Graduação'!$C60:$AW$65,1,FALSE)& CHAR(10),HLOOKUP("*"&$D$1&"*",'Horário - Graduação'!$C60:$AW$65,$B20,FALSE)),"Janela")) -> Janela | G20: =IF(COUNTIF('Horário - Graduação'!$C81:$AW81,"*"&$D$1&"*")>1,CONCATENATE(HLOOKUP("*"&$D$1&"*",'Horário - Graduação'!$C81:$AW$86,1,FALSE)& CHAR(10),HLOOKUP("*"&$D$1&"*",'Horário - Graduação'!$C81:$AW$86,$B20,FALSE)," + OUTRO"),IFERROR(CONCAT(HLOOKUP("*"&$D$1&"*",'Horário - Graduação'!$C81:$AW$86,1,FALSE)& CHAR(10),HLOOKUP("*"&$D$1&"*",'Horário - Graduação'!$C81:$AW$86,$B20,FALSE)),"Janela")) -> Janela | H20: =IF(COUNTIF('Horário - Graduação'!$C102:$AW102,"*"&$D$1&"*")>1,CONCATENATE(HLOOKUP("*"&$D$1&"*",'Horário - Graduação'!$C102:$AW$107,1,FALSE)& CHAR(10),HLOOKUP("*"&$D$1&"*",'Horário - Graduação'!$C102:$AW$107,$B20,FALSE)," + OUTRO"),IFERROR(CONCAT(HLOOKUP("*"&$D$1&"*",'Horário - Graduação'!$C102:$AW$107,1,FALSE)& CHAR(10),HLOOKUP("*"&$D$1&"*",'Horário - Graduação'!$C102:$AW$107,$B20,FALSE)),"Janela")) -> Janela
B21: 5 | C21: 19:50 - 20:40 | D21: =IF(COUNTIF('Horário - Graduação'!$C19:$AW19,"*"&$D$1&"*")>1,CONCATENATE(HLOOKUP("*"&$D$1&"*",'Horário - Graduação'!$C19:$AW$23,1,FALSE)& CHAR(10),HLOOKUP("*"&$D$1&"*",'Horário - Graduação'!$C19:$AW$23,$B21,FALSE)," + OUTRO"),IFERROR(CONCAT(HLOOKUP("*"&$D$1&"*",'Horário - Graduação'!$C19:$AW$23,1,FALSE)& CHAR(10),HLOOKUP("*"&$D$1&"*",'Horário - Graduação'!$C19:$AW$23,$B21,FALSE)),"Janela")) -> Janela | E21: =IF(COUNTIF('Horário - Graduação'!$C40:$AW40,"*"&$D$1&"*")>1,CONCATENATE(HLOOKUP("*"&$D$1&"*",'Horário - Graduação'!$C40:$AW$44,1,FALSE)& CHAR(10),HLOOKUP("*"&$D$1&"*",'Horário - Graduação'!$C40:$AW$44,$B21,FALSE)," + OUTRO"),IFERROR(CONCAT(HLOOKUP("*"&$D$1&"*",'Horário - Graduação'!$C40:$AW$44,1,FALSE)& CHAR(10),HLOOKUP("*"&$D$1&"*",'Horário - Graduação'!$C40:$AW$44,$B21,FALSE)),"Janela")) -> Janela | F21: =IF(COUNTIF('Horário - Graduação'!$C61:$AW61,"*"&$D$1&"*")>1,CONCATENATE(HLOOKUP("*"&$D$1&"*",'Horário - Graduação'!$C61:$AW$65,1,FALSE)& CHAR(10),HLOOKUP("*"&$D$1&"*",'Horário - Graduação'!$C61:$AW$65,$B21,FALSE)," + OUTRO"),IFERROR(CONCAT(HLOOKUP("*"&$D$1&"*",'Horário - Graduação'!$C61:$AW$65,1,FALSE)& CHAR(10),HLOOKUP("*"&$D$1&"*",'Horário - Graduação'!$C61:$AW$65,$B21,FALSE)),"Janela")) -> Janela | G21: =IF(COUNTIF('Horário - Graduação'!$C82:$AW82,"*"&$D$1&"*")>1,CONCATENATE(HLOOKUP("*"&$D$1&"*",'Horário - Graduação'!$C82:$AW$86,1,FALSE)& CHAR(10),HLOOKUP("*"&$D$1&"*",'Horário - Graduação'!$C82:$AW$86,$B21,FALSE)," + OUTRO"),IFERROR(CONCAT(HLOOKUP("*"&$D$1&"*",'Horário - Graduação'!$C82:$AW$86,1,FALSE)& CHAR(10),HLOOKUP("*"&$D$1&"*",'Horário - Graduação'!$C82:$AW$86,$B21,FALSE)),"Janela")) -> Janela | H21: =IF(COUNTIF('Horário - Graduação'!$C103:$AW103,"*"&$D$1&"*")>1,CONCATENATE(HLOOKUP("*"&$D$1&"*",'Horário - Graduação'!$C103:$AW$107,1,FALSE)& CHAR(10),HLOOKUP("*"&$D$1&"*",'Horário - Graduação'!$C103:$AW$107,$B21,FALSE)," + OUTRO"),IFERROR(CONCAT(HLOOKUP("*"&$D$1&"*",'Horário - Graduação'!$C103:$AW$107,1,FALSE)& CHAR(10),HLOOKUP("*"&$D$1&"*",'Horário - Graduação'!$C103:$AW$107,$B21,FALSE)),"Janela")) -> Janela
B22: 4 | C22: INTERVALO | D22: INTERVALO | E22: INTERVALO | F22: INTERVALO | G22: INTERVALO | H22: INTERVALO
B23: 3 | C23: 21:00 - 21:50 | D23: =IF(COUNTIF('Horário - Graduação'!$C21:$AW21,"*"&$D$1&"*")>1,CONCATENATE(HLOOKUP("*"&$D$1&"*",'Horário - Graduação'!$C21:$AW$23,1,FALSE)& CHAR(10),HLOOKUP("*"&$D$1&"*",'Horário - Graduação'!$C21:$AW$23,$B23,FALSE)," + OUTRO"),IFERROR(CONCAT(HLOOKUP("*"&$D$1&"*",'Horário - Graduação'!$C21:$AW$23,1,FALSE)& CHAR(10),HLOOKUP("*"&$D$1&"*",'Horário - Graduação'!$C21:$AW$23,$B23,FALSE)),"Janela")) -> Janela | E23: =IF(COUNTIF('Horário - Graduação'!$C42:$AW42,"*"&$D$1&"*")>1,CONCATENATE(HLOOKUP("*"&$D$1&"*",'Horário - Graduação'!$C42:$AW$44,1,FALSE)& CHAR(10),HLOOKUP("*"&$D$1&"*",'Horário - Graduação'!$C42:$AW$44,$B23,FALSE)," + OUTRO"),IFERROR(CONCAT(HLOOKUP("*"&$D$1&"*",'Horário - Graduação'!$C42:$AW$44,1,FALSE)& CHAR(10),HLOOKUP("*"&$D$1&"*",'Horário - Graduação'!$C42:$AW$44,$B23,FALSE)),"Janela")) -> Janela | F23: =IF(COUNTIF('Horário - Graduação'!$C63:$AW63,"*"&$D$1&"*")>1,CONCATENATE(HLOOKUP("*"&$D$1&"*",'Horário - Graduação'!$C63:$AW$65,1,FALSE)& CHAR(10),HLOOKUP("*"&$D$1&"*",'Horário - Graduação'!$C63:$AW$65,$B23,FALSE)," + OUTRO"),IFERROR(CONCAT(HLOOKUP("*"&$D$1&"*",'Horário - Graduação'!$C63:$AW$65,1,FALSE)& CHAR(10),HLOOKUP("*"&$D$1&"*",'Horário - Graduação'!$C63:$AW$65,$B23,FALSE)),"Janela")) -> Janela | G23: =IF(COUNTIF('Horário - Graduação'!$C84:$AW84,"*"&$D$1&"*")>1,CONCATENATE(HLOOKUP("*"&$D$1&"*",'Horário - Graduação'!$C84:$AW$86,1,FALSE)& CHAR(10),HLOOKUP("*"&$D$1&"*",'Horário - Graduação'!$C84:$AW$86,$B23,FALSE)," + OUTRO"),IFERROR(CONCAT(HLOOKUP("*"&$D$1&"*",'Horário - Graduação'!$C84:$AW$86,1,FALSE)& CHAR(10),HLOOKUP("*"&$D$1&"*",'Horário - Graduação'!$C84:$AW$86,$B23,FALSE)),"Janela")) -> Janela | H23: =IF(COUNTIF('Horário - Graduação'!$C105:$AW105,"*"&$D$1&"*")>1,CONCATENATE(HLOOKUP("*"&$D$1&"*",'Horário - Graduação'!$C105:$AW$107,1,FALSE)& CHAR(10),HLOOKUP("*"&$D$1&"*",'Horário - Graduação'!$C105:$AW$107,$B23,FALSE)," + OUTRO"),IFERROR(CONCAT(HLOOKUP("*"&$D$1&"*",'Horário - Graduação'!$C105:$AW$107,1,FALSE)& CHAR(10),HLOOKUP("*"&$D$1&"*",'Horário - Graduação'!$C105:$AW$107,$B23,FALSE)),"Janela")) -> Janela
B24: 2 | C24: 21:50 - 22:40 | D24: =IF(COUNTIF('Horário - Graduação'!$C22:$AW22,"*"&$D$1&"*")>1,CONCATENATE(HLOOKUP("*"&$D$1&"*",'Horário - Graduação'!$C22:$AW$23,1,FALSE)& CHAR(10),HLOOKUP("*"&$D$1&"*",'Horário - Graduação'!$C22:$AW$23,$B24,FALSE)," + OUTRO"),IFERROR(CONCAT(HLOOKUP("*"&$D$1&"*",'Horário - Graduação'!$C22:$AW$23,1,FALSE)& CHAR(10),HLOOKUP("*"&$D$1&"*",'Horário - Graduação'!$C22:$AW$23,$B24,FALSE)),"Janela")) -> Janela | E24: =IF(COUNTIF('Horário - Graduação'!$C43:$AW43,"*"&$D$1&"*")>1,CONCATENATE(HLOOKUP("*"&$D$1&"*",'Horário - Graduação'!$C43:$AW$44,1,FALSE)& CHAR(10),HLOOKUP("*"&$D$1&"*",'Horário - Graduação'!$C43:$AW$44,$B24,FALSE)," + OUTRO"),IFERROR(CONCAT(HLOOKUP("*"&$D$1&"*",'Horário - Graduação'!$C43:$AW$44,1,FALSE)& CHAR(10),HLOOKUP("*"&$D$1&"*",'Horário - Graduação'!$C43:$AW$44,$B24,FALSE)),"Janela")) -> Janela | F24: =IF(COUNTIF('Horário - Graduação'!$C64:$AW64,"*"&$D$1&"*")>1,CONCATENATE(HLOOKUP("*"&$D$1&"*",'Horário - Graduação'!$C64:$AW$65,1,FALSE)& CHAR(10),HLOOKUP("*"&$D$1&"*",'Horário - Graduação'!$C64:$AW$65,$B24,FALSE)," + OUTRO"),IFERROR(CONCAT(HLOOKUP("*"&$D$1&"*",'Horário - Graduação'!$C64:$AW$65,1,FALSE)& CHAR(10),HLOOKUP("*"&$D$1&"*",'Horário - Graduação'!$C64:$AW$65,$B24,FALSE)),"Janela")) -> Janela | G24: =IF(COUNTIF('Horário - Graduação'!$C85:$AW85,"*"&$D$1&"*")>1,CONCATENATE(HLOOKUP("*"&$D$1&"*",'Horário - Graduação'!$C85:$AW$86,1,FALSE)& CHAR(10),HLOOKUP("*"&$D$1&"*",'Horário - Graduação'!$C85:$AW$86,$B24,FALSE)," + OUTRO"),IFERROR(CONCAT(HLOOKUP("*"&$D$1&"*",'Horário - Graduação'!$C85:$AW$86,1,FALSE)& CHAR(10),HLOOKUP("*"&$D$1&"*",'Horário - Graduação'!$C85:$AW$86,$B24,FALSE)),"Janela")) -> Janela | H24: =IF(COUNTIF('Horário - Graduação'!$C106:$AW106,"*"&$D$1&"*")>1,CONCATENATE(HLOOKUP("*"&$D$1&"*",'Horário - Graduação'!$C106:$AW$107,1,FALSE)& CHAR(10),HLOOKUP("*"&$D$1&"*",'Horário - Graduação'!$C106:$AW$107,$B24,FALSE)," + OUTRO"),IFERROR(CONCAT(HLOOKUP("*"&$D$1&"*",'Horário - Graduação'!$C106:$AW$107,1,FALSE)& CHAR(10),HLOOKUP("*"&$D$1&"*",'Horário - Graduação'!$C106:$AW$107,$B24,FALSE)),"Janela")) -> Janela
G26: CH - Total | H26: =(75-(COUNTIF(D5:H24,"Janela")))&" h/a" -> 18 h/a

Sheet Eng. Alimentos
D1: BACHARELADO EM ENGENHARIA DE ALIMENTOS
A2: DIA | B2: HORÁRIO | D2: 2º PERÍODO Eng. Alimentos | E2: 4º PERÍODO Eng. Alimento | F2: 6º PERÍODO Eng. Alimentos | G2: 8º PERÍODO Eng. Alimentos | H2: 10º PERÍODO Eng. Alimentos
A3: SEGUNDA | B3: 07:20 - 08:10 | D3: ='Horário - Graduação'!C3 | E3: ='Horário - Graduação'!D3 | F3: ='Horário - Graduação'!E3 | G3: ='Horário - Graduação'!F3 -> Operações Unitárias III (Isis) (Lab. Fenôm. de Transportes) | H3: ='Horário - Graduação'!G3
B4: 08:10 - 09:00 | D4: ='Horário - Graduação'!C4 | E4: ='Horário - Graduação'!D4 | F4: ='Horário - Graduação'!E4 | G4: ='Horário - Graduação'!F4 -> Operações Unitárias III (Isis) (Lab. Fenôm. de Transportes) | H4: ='Horário - Graduação'!G4
B5: INTERVALO
B6: 09:20 - 10:10 | D6: ='Horário - Graduação'!C6 | E6: ='Horário - Graduação'!D6 -> CÁLCULO III (Viviane) (2/6) | F6: ='Horário - Graduação'!E6 | G6: ='Horário - Graduação'!F6 -> Operações Unitárias III (Isis) (Lab. Fenôm. de Transportes) | H6: ='Horário - Graduação'!G6
B7: 10:10 - 11:00 | D7: ='Horário - Graduação'!C7 | E7: ='Horário - Graduação'!D7 -> CÁLCULO III (Viviane) (2/6) | F7: ='Horário - Graduação'!E7 | G7: ='Horário - Graduação'!F7 -> Operações Unitárias III (Isis) (Lab. Fenôm. de Transportes) | H7: ='Horário - Graduação'!G7
B8: 11:00 - 11:50 | D8: ='Horário - Graduação'!C8 | E8: ='Horário - Graduação'!D8 | F8: ='Horário - Graduação'!E8 | G8: ='Horário - Graduação'!F8 | H8: ='Horário - Graduação'!G8
B9: ALMOÇO
B10: 13:20 - 14:10 | D10: ='Horário - Graduação'!C10 -> QUÍMICA ORGÂNICA (Elza) (1/13) | E10: ='Horário - Graduação'!D10 | F10: ='Horário - Graduação'!E10 -> UCE I (Edilson) (1/11) | G10: ='Horário - Graduação'!F10 -> Planejamento e Projeto (Isis) (Sl. Fenômenos) | H10: ='Horário - Graduação'!G10
B11: 14:10 - 15:00 | D11: ='Horário - Graduação'!C11 -> QUÍMICA ORGÂNICA (Elza) (1/13) | E11: ='Horário - Graduação'!D11 | F11: ='Horário - Graduação'!E11 -> UCE I (Edilson) (1/11) | G11: ='Horário - Graduação'!F11 -> Planejamento e Projeto (Isis) (Sl. Fenômenos) | H11: ='Horário - Graduação'!G11
B12: INTERVALO
B13: 15:20 - 16:10 | D13: ='Horário - Graduação'!C13 | E13: ='Horário - Graduação'!D13 | F13: ='Horário - Graduação'!E13 | G13: ='Horário - Graduação'!F13 -> Planejamento e Projeto (Isis) (Sl. Fenômenos) | H13: ='Horário - Graduação'!G13
B14: 16:10 - 17:00 | D14: ='Horário - Graduação'!C14 | E14: ='Horário - Graduação'!D14 | F14: ='Horário - Graduação'!E14 | G14: ='Horário - Graduação'!F14 -> Planejamento e Projeto (Isis) (Sl. Fenômenos) | H14: ='Horário - Graduação'!G14
B15: 17:00 - 17:50 | D15: ='Horário - Graduação'!C15 | E15: ='Horário - Graduação'!D15 -> ESTATÍSTICA BÁSICA (EAD) (Arilson) (1/10) | F15: ='Horário - Graduação'!E15 | G15: ='Horário - Graduação'!F15 | H15: ='Horário - Graduação'!G15
A16: DIA | B16: HORÁRIO | D16: 2º PERÍODO Eng. Alimentos | E16: 4º PERÍODO Eng. Alimento | F16: 6º PERÍODO Eng. Alimentos | G16: 8º PERÍODO Eng. Alimentos | H16: 10º PERÍODO Eng. Alimentos
A17: TERÇA | B17: 07:20 - 08:10 | D17: ='Horário - Graduação'!C24 | E17: ='Horário - Graduação'!D24 | F17: ='Horário - Graduação'!E24 -> HIGIENE NA INDÚSTRIA DE ALIMENTOS (Bruna Porto) (1/10) | G17: ='Horário - Graduação'!F24 | H17: ='Horário - Graduação'!G24
B18: 08:10 - 09:00 | D18: ='Horário - Graduação'!C25 | E18: ='Horário - Graduação'!D25 | F18: ='Horário - Graduação'!E25 -> HIGIENE NA INDÚSTRIA DE ALIMENTOS (Bruna Porto) (1/10) | G18: ='Horário - Graduação'!F25 | H18: ='Horário - Graduação'!G25
B19: INTERVALO
B20: 09:20 - 10:10 | D20: ='Horário - Graduação'!C27 | E20: ='Horário - Graduação'!D27 -> MICROBIOLOGIA (Vanessa Santana) (1/11) | F20: ='Horário - Graduação'!E27 -> HIGIENE NA INDÚSTRIA DE ALIMENTOS (Bruna Porto) (1/10) | G20: ='Horário - Graduação'!F27 | H20: ='Horário - Graduação'!G27
B21: 10:10 - 11:00 | D21: ='Horário - Graduação'!C28 | E21: ='Horário - Graduação'!D28 -> MICROBIOLOGIA (Vanessa Santana) (1/11) | F21: ='Horário - Graduação'!E28 -> SECAGEM DE GRÃOS (Jean) (1/12) | G21: ='Horário - Graduação'!F28 | H21: ='Horário - Graduação'!G28
B22: 11:00 - 11:50 | D22: ='Horário - Graduação'!C29 | E22: ='Horário - Graduação'!D29 | F22: ='Horário - Graduação'!E29 -> SECAGEM DE GRÃOS (Jean) (1/12) | G22: ='Horário - Graduação'!F29 | H22: ='Horário - Graduação'!G29
B23: ALMOÇO
B24: 13:20 - 14:10 | D24: ='Horário - Graduação'!C31 -> MATÉRIAS PRIMAS ALIMENTÍCIAS (Bruna Porto) (1/13) | E24: ='Horário - Graduação'!D31 -> Física II (Diego Carvalho) (1/7) | F24: ='Horário - Graduação'!E31 -> TECNOLOGIA DE CARNES (Felipe Cimino) (2/6) | G24: ='Horário - Graduação'!F31 -> UCE III (Andreia) (1/17) | H24: ='Horário - Graduação'!G31
B25: 14:10 - 15:00 | D25: ='Horário - Graduação'!C32 -> MATÉRIAS PRIMAS ALIMENTÍCIAS (Bruna Porto) (1/13) | E25: ='Horário - Graduação'!D32 -> Física II (Diego Carvalho) (1/7) | F25: ='Horário - Graduação'!E32 -> TECNOLOGIA DE CARNES (Felipe Cimino) (2/6) | G25: ='Horário - Graduação'!F32 -> UCE III (Andreia) (1/17) | H25: ='Horário - Graduação'!G32
B26: INTERVALO
B27: 15:20 - 16:10 | D27: ='Horário - Graduação'!C34 -> QUÍMICA ORGÂNICA (Elza) (1/13) | E27: ='Horário - Graduação'!D34 | F27: ='Horário - Graduação'!E34 -> TECNOLOGIA DE CARNES (Felipe Cimino) (2/6) | G27: ='Horário - Graduação'!F34 -> UCE III (Andreia) (1/17) | H27: ='Horário - Graduação'!G34
B28: 16:10 - 17:00 | D28: ='Horário - Graduação'!C35 -> QUÍMICA ORGÂNICA (Elza) (1/13) | E28: ='Horário - Graduação'!D35 | F28: ='Horário - Graduação'!E35 -> TECNOLOGIA DE CARNES (Felipe Cimino) (2/6) | G28: ='Horário - Graduação'!F35 | H28: ='Horário - Graduação'!G35
B29: 17:00 - 17:50 | D29: ='Horário - Graduação'!C36 | E29: ='Horário - Graduação'!D36 -> ESTATÍSTICA BÁSICA (EAD) (Agnaldo) | F29: ='Horário - Graduação'!E36 | G29: ='Horário - Graduação'!F36 | H29: ='Horário - Graduação'!G36
A30: DIA | B30: HORÁRIO | D30: 2º PERÍODO Eng. Alimentos | E30: 4º PERÍODO Eng. Alimento | F30: 6º PERÍODO Eng. Alimentos | G30: 8º PERÍODO Eng. Alimentos | H30: 10º PERÍODO Eng. Alimentos
A31: QUARTA | B31: 07:20 - 08:10 | D31: ='Horário - Graduação'!C45 | E31: ='Horário - Graduação'!D45 | F31: ='Horário - Graduação'!E45 | G31: ='Horário - Graduação'!F45 -> Refrigeração (Isis) (Sl. Fenômenos) | H31: ='Horário - Graduação'!G45
B32: 08:10 - 09:00 | D32: ='Horário - Graduação'!C46 | E32: ='Horário - Graduação'!D46 | F32: ='Horário - Graduação'!E46 | G32: ='Horário - Graduação'!F46 -> Refrigeração (Isis) (Sl. Fenômenos) | H32: ='Horário - Graduação'!G46
B33: INTERVALO
B34: 09:20 - 10:10 | D34: ='Horário - Graduação'!C48 | E34: ='Horário - Graduação'!D48 -> CÁLCULO III (Viviane) (1/13) | F34: ='Horário - Graduação'!E48 -> PRINCÍPIOS DE CONSERVAÇÃO DE ALIMENTOS (Felipe Cimino) (Lab. Bromatologia) | G34: ='Horário - Graduação'!F48 -> Refrigeração (Isis) (Sl. Fenômenos) | H34: ='Horário - Graduação'!G48
B35: 10:10 - 11:00 | D35: ='Horário - Graduação'!C49 | E35: ='Horário - Graduação'!D49 -> CÁLCULO III (Viviane) (1/13) | F35: ='Horário - Graduação'!E49 -> PRINCÍPIOS DE CONSERVAÇÃO DE ALIMENTOS (Felipe Cimino) (Lab. Bromatologia) | G35: ='Horário - Graduação'!F49 -> Refrigeração (Isis) (Sl. Fenômenos) | H35: ='Horário - Graduação'!G49
B36: 11:00 - 11:50 | D36: ='Horário - Graduação'!C50 | E36: ='Horário - Graduação'!D50 | F36: ='Horário - Graduação'!E50 -> UCE I (Higor) | G36: ='Horário - Graduação'!F50 | H36: ='Horário - Graduação'!G50
B37: ALMOÇO
B38: 13:20 - 14:10 | D38: ='Horário - Graduação'!C52 -> MATÉRIAS PRIMAS ALIMENTÍCIAS (Bruna Porto) (1/13) | E38: ='Horário - Graduação'!D52 | F38: ='Horário - Graduação'!E52 -> PRINCÍPIOS DE CONSERVAÇÃO DE ALIMENTOS (Felipe Cimino) (Lab. Bromatologia) | G38: ='Horário - Graduação'!F52 | H38: ='Horário - Graduação'!G52
B39: 14:10 - 15:00 | D39: ='Horário - Graduação'!C53 -> MATÉRIAS PRIMAS ALIMENTÍCIAS (Bruna Porto) (1/13) | E39: ='Horário - Graduação'!D53 | F39: ='Horário - Graduação'!E53 -> PRINCÍPIOS DE CONSERVAÇÃO DE ALIMENTOS (Felipe Cimino) (Lab. Bromatologia) | G39: ='Horário - Graduação'!F53 | H39: ='Horário - Graduação'!G53
B40: INTERVALO
B41: 15:20 - 16:10 | D41: ='Horário - Graduação'!C55 | E41: ='Horário - Graduação'!D55 | F41: ='Horário - Graduação'!E55 | G41: ='Horário - Graduação'!F55 | H41: ='Horário - Graduação'!G55
B42: 16:10 - 17:00 | D42: ='Horário - Graduação'!C56 | E42: ='Horário - Graduação'!D56 | F42: ='Horário - Graduação'!E56 | G42: ='Horário - Graduação'!F56 | H42: ='Horário - Graduação'!G56
B43: 17:00 - 17:50 | D43: ='Horário - Graduação'!C57 | E43: ='Horário - Graduação'!D57 -> ESTATÍSTICA BÁSICA (EAD) (Agnaldo) | F43: ='Horário - Graduação'!E57 | G43: ='Horário - Graduação'!F57 | H43: ='Horário - Graduação'!G57
A44: DIA | B44: HORÁRIO | D44: 2º PERÍODO Eng. Alimentos | E44: 4º PERÍODO Eng. Alimento | F44: 6º PERÍODO Eng. Alimentos | G44: 8º PERÍODO Eng. Alimentos | H44: 10º PERÍODO Eng. Alimentos
A45: QUINTA | B45: 07:20 - 08:10 | D45: ='Horário - Graduação'!C66 | E45: ='Horário - Graduação'!D66 | F45: ='Horário - Graduação'!E66 -> SECAGEM DE GRÃOS (Jean) (1/14) | G45: ='Horário - Graduação'!F66 | H45: ='Horário - Graduação'!G66
B46: 08:10 - 09:00 | D46: ='Horário - Graduação'!C67 | E46: ='Horário - Graduação'!D67 | F46: ='Horário - Graduação'!E67 -> SECAGEM DE GRÃOS (Jean) (1/14) | G46: ='Horário - Graduação'!F67 | H46: ='Horário - Graduação'!G67
B47: INTERVALO
B48: 09:20 - 10:10 | D48: ='Horário - Graduação'!C69 | E48: ='Horário - Graduação'!D69 -> NUTRIÇÃO HUMANA (Jean) (1/14) | F48: ='Horário - Graduação'!E69 -> UCE I (Higor) (2/6) | G48: ='Horário - Graduação'!F69 -> Óleos e Gorduras (OPTATIVA I) (Bruna Porto) (Sl. Fenômenos) / Massas e Panificação (OPTATIVA II) (Márcia Antunes) (Sl. Oficina) | H48: ='Horário - Graduação'!G69
B49: 10:10 - 11:00 | D49: ='Horário - Graduação'!C70 | E49: ='Horário - Graduação'!D70 -> NUTRIÇÃO HUMANA (Jean) (1/14) | F49: ='Horário - Graduação'!E70 -> UCE I (Higor) (2/6) | G49: ='Horário - Graduação'!F70 -> Óleos e Gorduras (OPTATIVA I) (Bruna Porto) (Sl. Fenômenos) / Massas e Panificação (OPTATIVA II) (Márcia Antunes) (Sl. Oficina) | H49: ='Horário - Graduação'!G70
B50: 11:00 - 11:50 | D50: ='Horário - Graduação'!C71 | E50: ='Horário - Graduação'!D71 | F50: ='Horário - Graduação'!E71 -> UCE I (Higor) (2/6) | G50: ='Horário - Graduação'!F71 -> Óleos e Gorduras (OPTATIVA I) (Bruna Porto) (Sl. Fenômenos) / Massas e Panificação (OPTATIVA II) (Márcia Antunes) (Sl. Oficina) | H50: ='Horário - Graduação'!G71
B51: ALMOÇO
B52: 13:20 - 14:10 | D52: ='Horário - Graduação'!C73 | E52: ='Horário - Graduação'!D73 -> Física II (Diego Carvalho) (3/11) | F52: ='Horário - Graduação'!E73 -> OPERAÇÕES UNITÁRIAS I (Higor) (Lab. Fenôm. de Transportes) | G52: ='Horário - Graduação'!F73 -> Óleos e Gorduras (OPTATIVA I) (Bruna Porto) (Sl. Fenômenos) / Massas e Panificação (OPTATIVA II) (Márcia Antunes) (Sl. Oficina) | H52: ='Horário - Graduação'!G73
B53: 14:10 - 15:00 | D53: ='Horário - Graduação'!C74 | E53: ='Horário - Graduação'!D74 -> Física II (Diego Carvalho) (3/11) | F53: ='Horário - Graduação'!E74 -> OPERAÇÕES UNITÁRIAS I (Higor) (Lab. Fenôm. de Transportes) | G53: ='Horário - Graduação'!F74 -> UCE III (Márcia Antunes) (Sl. Oficina) | H53: ='Horário - Graduação'!G74
B54: INTERVALO
B55: 15:20 - 16:10 | D55: ='Horário - Graduação'!C76 | E55: ='Horário - Graduação'!D76 -> FÍSICO-QUÍMICA II (Luiz Fernando) (1/13) | F55: ='Horário - Graduação'!E76 -> OPERAÇÕES UNITÁRIAS I (Higor) (Lab. Fenôm. de Transportes) | G55: ='Horário - Graduação'!F76 -> UCE III (Márcia Antunes) (Sl. Oficina) | H55: ='Horário - Graduação'!G76
B56: 16:10 - 17:00 | D56: ='Horário - Graduação'!C77 | E56: ='Horário - Graduação'!D77 -> FÍSICO-QUÍMICA II (Luiz Fernando) (1/13) | F56: ='Horário - Graduação'!E77 -> OPERAÇÕES UNITÁRIAS I (Higor) (Lab. Fenôm. de Transportes) | G56: ='Horário - Graduação'!F77 -> UCE III (Márcia Antunes) (Sl. Oficina) | H56: ='Horário - Graduação'!G77
B57: 17:00 - 17:50 | D57: ='Horário - Graduação'!C78 | E57: ='Horário - Graduação'!D78 | F57: ='Horário - Graduação'!E78 | G57: ='Horário - Graduação'!F78 | H57: ='Horário - Graduação'!G78
A58: DIA | B58: HORÁRIO | D58: 2º PERÍODO Eng. Alimentos | E58: 4º PERÍODO Eng. Alimento | F58: 6º PERÍODO Eng. Alimentos | G58: 8º PERÍODO Eng. Alimentos | H58: 10º PERÍODO Eng. Alimentos
A59: SEXTA | B59: 07:20 - 08:10 | D59: ='Horário - Graduação'!C87 -> QUÍMICA ORGÂNICA (Elza) (Lab. Química I) | E59: ='Horário - Graduação'!D87 | F59: ='Horário - Graduação'!E87 -> TECNOLOGIA DE VEGETAIS (Andreia) (Setor de Vegetais) | G59: ='Horário - Graduação'!F87 | H59: ='Horário - Graduação'!G87
B60: 08:10 - 09:00 | D60: ='Horário - Graduação'!C88 -> QUÍMICA ORGÂNICA (Elza) (Lab. Química I) | E60: ='Horário - Graduação'!D88 | F60: ='Horário - Graduação'!E88 -> TECNOLOGIA DE VEGETAIS (Andreia) (Setor de Vegetais) | G60: ='Horário - Graduação'!F88 | H60: ='Horário - Graduação'!G88
B61: INTERVALO
B62: 09:20 - 10:10 | D62: ='Horário - Graduação'!C90 | E62: ='Horário - Graduação'!D90 -> CIÊNCIA E MECÂNICA DOS MATERIAIS (Higor) (1/16) | F62: ='Horário - Graduação'!E90 -> TECNOLOGIA DE VEGETAIS (Andreia) (Setor de Vegetais) | G62: ='Horário - Graduação'!F90 | H62: ='Horário - Graduação'!G90
B63: 10:10 - 11:00 | D63: ='Horário - Graduação'!C91 | E63: ='Horário - Graduação'!D91 -> CIÊNCIA E MECÂNICA DOS MATERIAIS (Higor) (1/16) | F63: ='Horário - Graduação'!E91 -> TECNOLOGIA DE VEGETAIS (Andreia) (Setor de Vegetais) | G63: ='Horário - Graduação'!F91 -> TCC I (Bruna Porto) (Sl. Oficina) | H63: ='Horário - Graduação'!G91
B64: 11:00 - 11:50 | D64: ='Horário - Graduação'!C92 | E64: ='Horário - Graduação'!D92 | F64: ='Horário - Graduação'!E92 | G64: ='Horário - Graduação'!F92 -> TCC I (Bruna Porto) (Sl. Oficina) | H64: ='Horário - Graduação'!G92
B65: ALMOÇO
